objective_name,target_name,dplus_vs_bp_forward_cosine_mean,dplus_vs_bp_forward_cosine_std,dplus_vs_bp_forward_cosine_min,dplus_vs_bp_forward_cosine_max,dplus_vs_bp_forward_norm_ratio_mean,dplus_vs_bp_forward_norm_ratio_std,dplus_vs_bp_forward_norm_ratio_min,dplus_vs_bp_forward_norm_ratio_max,dplus_vs_bp_forward_sign_agreement_mean,dplus_vs_bp_forward_sign_agreement_std,dplus_vs_bp_forward_sign_agreement_min,dplus_vs_bp_forward_sign_agreement_max,dplus_vs_ep_forward_cosine_mean,dplus_vs_ep_forward_cosine_std,dplus_vs_ep_forward_cosine_min,dplus_vs_ep_forward_cosine_max,dplus_vs_ep_forward_norm_ratio_mean,dplus_vs_ep_forward_norm_ratio_std,dplus_vs_ep_forward_norm_ratio_min,dplus_vs_ep_forward_norm_ratio_max,dplus_vs_ep_forward_sign_agreement_mean,dplus_vs_ep_forward_sign_agreement_std,dplus_vs_ep_forward_sign_agreement_min,dplus_vs_ep_forward_sign_agreement_max,dplus_forward_norm_mean,dplus_forward_norm_std,dplus_forward_norm_min,dplus_forward_norm_max,bp_forward_norm_mean,bp_forward_norm_std,bp_forward_norm_min,bp_forward_norm_max,ep_forward_norm_mean,ep_forward_norm_std,ep_forward_norm_min,ep_forward_norm_max,dplus_raw_free_mse_decrease_mean,dplus_raw_free_mse_decrease_std,dplus_raw_free_mse_decrease_min,dplus_raw_free_mse_decrease_max,dplus_bp_scaled_free_mse_decrease_mean,dplus_bp_scaled_free_mse_decrease_std,dplus_bp_scaled_free_mse_decrease_min,dplus_bp_scaled_free_mse_decrease_max,dplus_ep_scaled_free_mse_decrease_mean,dplus_ep_scaled_free_mse_decrease_std,dplus_ep_scaled_free_mse_decrease_min,dplus_ep_scaled_free_mse_decrease_max,dplus_raw_feedforward_ce_decrease_mean,dplus_raw_feedforward_ce_decrease_std,dplus_raw_feedforward_ce_decrease_min,dplus_raw_feedforward_ce_decrease_max,dplus_bp_scaled_feedforward_ce_decrease_mean,dplus_bp_scaled_feedforward_ce_decrease_std,dplus_bp_scaled_feedforward_ce_decrease_min,dplus_bp_scaled_feedforward_ce_decrease_max,dplus_ep_scaled_feedforward_ce_decrease_mean,dplus_ep_scaled_feedforward_ce_decrease_std,dplus_ep_scaled_feedforward_ce_decrease_min,dplus_ep_scaled_feedforward_ce_decrease_max,dplus_raw_free_mse_decrease_positive_rate_mean,dplus_raw_free_mse_decrease_positive_rate_std,dplus_raw_free_mse_decrease_positive_rate_min,dplus_raw_free_mse_decrease_positive_rate_max,dplus_bp_scaled_free_mse_decrease_positive_rate_mean,dplus_bp_scaled_free_mse_decrease_positive_rate_std,dplus_bp_scaled_free_mse_decrease_positive_rate_min,dplus_bp_scaled_free_mse_decrease_positive_rate_max,dplus_ep_scaled_free_mse_decrease_positive_rate_mean,dplus_ep_scaled_free_mse_decrease_positive_rate_std,dplus_ep_scaled_free_mse_decrease_positive_rate_min,dplus_ep_scaled_free_mse_decrease_positive_rate_max,dplus_objective_mean,dplus_objective_std,dplus_objective_min,dplus_objective_max,dplus_state_delta_mean,dplus_state_delta_std,dplus_state_delta_min,dplus_state_delta_max,duration_sec_mean,duration_sec_std,duration_sec_min,duration_sec_max,direction_score,regularizer_pass
resnorm_layergain_beta_div1,direct_plus,0.07623631258805587,0.003814857992965627,0.0727986631294091,0.0803405232727527,7619.366782496406,4701.746058580624,4281.4122506286885,12996.437986933744,0.5684910549057854,0.02228486353674862,0.5429874360561371,0.5842075248559316,0.9974635011619991,0.00026420670786428787,0.9971780578295388,0.997699479262034,3692.28642089276,2115.725220184681,2309.35332692082,6127.861694570794,0.987894313202964,0.0022322402981274324,0.9853857656319936,0.9896617035071056,3274.3444620768228,2123.5500495469005,1809.156311035156,5709.695882161458,0.466151495774587,0.12288701621157384,0.3339143047730128,0.5768370380004247,0.863162659936481,0.07442323740568221,0.7838805119196574,0.9315191308657328,0.03210632668601137,0.07256275635094717,-0.034490168094635,0.1094390352567036,0.0004273735814623667,0.00013707861848084158,0.0002707640329996,0.0005255689223607,0.0007830527093674666,0.00014349937456807236,0.0006350974241892,0.0009216368198394,-0.007859614160325804,0.0798750060519017,-0.0994687775770823,0.0472098191579183,2.232193946838379e-05,1.2115811934163124e-05,9.000301361083984e-06,3.2683213551839195e-05,3.429916169908312e-05,1.2494178467796577e-05,2.0205974578857425e-05,4.4018030166625977e-05,0.6666666666666666,0.5773502691896258,0.0,1.0,1.0,0.0,1.0,1.0,1.0,0.0,1.0,1.0,1827.9968838161894,1258.5959164606475,989.4878438313802,3275.2303059895835,0.18295527179294294,0.013445855534009513,0.1705050286707571,0.197213737345818,11.372672081148872,1.7454850547232295,9.472626728005707,12.905008091125636,0.5762363125880559,True
layergain_beta_div1,direct_plus,0.07613104478352596,0.0036061052631601613,0.072908770913879,0.080026193211476,0.1705307509080123,0.03466159843525627,0.1330256244272011,0.2013849884883894,0.5684910549057854,0.02228486353674856,0.5429874360561371,0.5842075248559316,0.9972550902101728,4.804647720090252e-05,0.9972240130106608,0.9973104298114776,0.08307989758119713,1.3572829764530574e-05,0.0830680564202438,0.083094709836897,0.987894313202964,0.0022322402981274744,0.9853857656319936,0.9896617035071056,0.0717108667724662,0.006174920243686109,0.0651361520091692,0.0773876768847306,0.466151495774587,0.12288701621157386,0.3339143047730128,0.5768370380004247,0.863162659936481,0.07442323740568224,0.7838805119196574,0.9315191308657328,6.510151757134333e-05,1.2017626459106427e-05,5.275507767995199e-05,7.676084836324056e-05,0.00042754577265840003,0.00013726703694353902,0.0002705802520116,0.0005250970522562,0.0007834119929207,0.0001447702988758949,0.0006346354881922,0.0009238123893737,2.8279092576768666e-06,1.0457899357046393e-06,1.6391277313232422e-06,3.606081008911133e-06,2.2275580300225152e-05,1.2073637015197384e-05,8.970499038696289e-06,3.253420193990072e-05,3.4262736638387047e-05,1.2446770659092727e-05,2.0196040471394856e-05,4.384915033976237e-05,1.0,0.0,1.0,1.0,1.0,0.0,1.0,1.0,1.0,0.0,1.0,1.0,0.04101278032693593,0.004771734884805846,0.0368176127473513,0.0462038864692052,0.18295527179294294,0.013445855534009506,0.1705050286707571,0.197213737345818,11.546466507948935,2.5787565176448752,8.568805343005806,13.046944724861532,0.576131044783526,True
resnorm_beta_div1,direct_plus,0.07602095148629606,0.003658567013707808,0.0726971024026473,0.0799410020311673,7619.196293696762,4701.804373105932,4281.283163879616,12996.348688965943,0.5684910549057854,0.0222848635367486,0.5429874360561371,0.5842075248559316,0.9971543219354418,0.00014110399817109678,0.9970101912816366,0.9972921907901764,3692.2058101419952,2115.76089457771,2309.2337251807508,6127.820667299943,0.987894313202964,0.0022322402981274497,0.9853857656319936,0.9896617035071056,3274.276828342014,2123.576718688783,1809.0625813802085,5709.65771484375,0.466151495774587,0.12288701621157387,0.3339143047730128,0.5768370380004247,0.863162659936481,0.07442323740568221,0.7838805119196574,0.9315191308657328,0.03208236893018083,0.0725883704516952,-0.0344867904980977,0.1094745645920435,0.0004265093141131,0.0001367615755594016,0.0002702424923578,0.0005243718624114,0.0007814897431267332,0.00014329024290741165,0.0006338208913803,0.0009199579556783,-0.008226318491829799,0.08038509295213057,-0.100449522336324,0.0469915270805358,2.2252400716145832e-05,1.2055226666591806e-05,8.980433146158854e-06,3.252426783243815e-05,3.419650925530328e-05,1.2425167394913845e-05,2.016623814900716e-05,4.380941390991211e-05,0.6666666666666666,0.5773502691896258,0.0,1.0,1.0,0.0,1.0,1.0,1.0,0.0,1.0,1.0,1827.6556260850696,1258.5562157901818,989.1980387369792,3274.84619140625,0.18295527179294294,0.013445855534009512,0.1705050286707571,0.197213737345818,11.8468659875604,1.5230830972752303,10.117248486261817,12.987536289729178,0.5760209514862961,True
resnorm_beta_div2,direct_plus,0.07602095148629606,0.0036585670137078054,0.0726971024026473,0.0799410020311673,7619.196293696762,4701.804373105932,4281.283163879616,12996.348688965943,0.5684910549057854,0.02228486353674862,0.5429874360561371,0.5842075248559316,0.9971543219354418,0.0001411039981710814,0.9970101912816366,0.9972921907901764,3692.2058101419952,2115.7608945777097,2309.2337251807508,6127.820667299943,0.987894313202964,0.0022322402981274324,0.9853857656319936,0.9896617035071056,3274.276828342014,2123.576718688783,1809.0625813802085,5709.65771484375,0.466151495774587,0.12288701621157384,0.3339143047730128,0.5768370380004247,0.863162659936481,0.07442323740568221,0.7838805119196574,0.9315191308657328,0.03208236893018083,0.0725883704516952,-0.0344867904980977,0.1094745645920435,0.0004265093141131,0.00013676157555940163,0.0002702424923578,0.0005243718624114,0.0007814897431267332,0.00014329024290741165,0.0006338208913803,0.0009199579556783,-0.0082263184918298,0.08038509295213057,-0.100449522336324,0.0469915270805358,2.2252400716145832e-05,1.2055226666591808e-05,8.980433146158854e-06,3.252426783243815e-05,3.419650925530328e-05,1.2425167394913844e-05,2.016623814900716e-05,4.380941390991211e-05,0.6666666666666666,0.5773502691896258,0.0,1.0,1.0,0.0,1.0,1.0,1.0,0.0,1.0,1.0,1827.6556260850696,1258.5562157901818,989.1980387369792,3274.84619140625,0.18295527179294294,0.013445855534009513,0.1705050286707571,0.197213737345818,12.907716952264309,0.09392848593065246,12.84472550591454,13.015675860922784,0.5760209514862961,True
beta_div1,direct_plus,0.07597568382819493,0.003563306012776925,0.0727520864456892,0.0798018593341112,0.17052932982468116,0.03466132034361667,0.1330245167789714,0.2013833427189061,0.5684910549057854,0.02228486353674857,0.5429874360561371,0.5842075248559316,0.9970690409342448,5.12135555840977e-05,0.997035930554072,0.9971280296643577,0.08307920428665233,1.3580199380738162e-05,0.0830673661096568,0.0830940292714715,0.987894313202964,0.002232240298127392,0.9853857656319936,0.9896617035071056,0.0717102674146493,0.00617485696649788,0.0651356180508931,0.0773870162665844,0.466151495774587,0.12288701621157383,0.3339143047730128,0.5768370380004247,0.863162659936481,0.07442323740568221,0.7838805119196574,0.9315191308657328,6.497568554348416e-05,1.1959258864187229e-05,5.2675604820251465e-05,7.656216621398926e-05,0.0004267228974235667,0.0001369149354309847,0.0002702077229817,0.0005242923895517,0.0007819020085864333,0.00014398349163718174,0.0006337662537892,0.0009213387966156,2.8345319959852436e-06,1.0438536504160553e-06,1.6490618387858074e-06,3.6160151163736978e-06,2.222922113206652e-05,1.2045023708678926e-05,8.960564931233725e-06,3.247459729512533e-05,3.4183263778686523e-05,1.2401614186729774e-05,2.016623814900716e-05,4.372994105021159e-05,1.0,0.0,1.0,1.0,1.0,0.0,1.0,1.0,1.0,0.0,1.0,1.0,0.040923994862370965,0.004764960271768913,0.0367538562665383,0.0461174889157215,0.18295527179294294,0.013445855534009513,0.1705050286707571,0.197213737345818,12.851546708494425,0.2911479450945526,12.515615292359143,13.030900510028005,0.5759756838281949,True
beta_div2,direct_plus,0.07597568382819493,0.0035633060127769284,0.0727520864456892,0.0798018593341112,0.17052932982468116,0.03466132034361668,0.1330245167789714,0.2013833427189061,0.5684910549057854,0.022284863536748606,0.5429874360561371,0.5842075248559316,0.9970690409342448,5.121355558409265e-05,0.997035930554072,0.9971280296643577,0.08307920428665233,1.3580199380742318e-05,0.0830673661096568,0.0830940292714715,0.987894313202964,0.0022322402981274215,0.9853857656319936,0.9896617035071056,0.0717102674146493,0.006174856966497882,0.0651356180508931,0.0773870162665844,0.466151495774587,0.12288701621157383,0.3339143047730128,0.5768370380004247,0.863162659936481,0.07442323740568224,0.7838805119196574,0.9315191308657328,6.497568554348416e-05,1.1959258864187229e-05,5.2675604820251465e-05,7.656216621398926e-05,0.0004267228974235667,0.00013691493543098465,0.0002702077229817,0.0005242923895517,0.0007819020085864333,0.0001439834916371817,0.0006337662537892,0.0009213387966156,2.8345319959852436e-06,1.0438536504160553e-06,1.6490618387858074e-06,3.6160151163736978e-06,2.222922113206652e-05,1.2045023708678926e-05,8.960564931233725e-06,3.247459729512533e-05,3.4183263778686523e-05,1.2401614186729772e-05,2.016623814900716e-05,4.372994105021159e-05,1.0,0.0,1.0,1.0,1.0,0.0,1.0,1.0,1.0,0.0,1.0,1.0,0.040923994862370965,0.004764960271768914,0.0367538562665383,0.0461174889157215,0.18295527179294294,0.013445855534009512,0.1705050286707571,0.197213737345818,12.910426595403502,0.057453064798486456,12.852713963016868,12.967616525944322,0.5759756838281949,True
raw,direct_plus,0.07597568382819493,0.0035633060127769284,0.0727520864456892,0.0798018593341112,0.17052932982468116,0.034661320343616686,0.1330245167789714,0.2013833427189061,0.5684910549057854,0.0222848635367486,0.5429874360561371,0.5842075248559316,0.9970690409342448,5.1213555584138644e-05,0.997035930554072,0.9971280296643577,0.08307920428665233,1.3580199380732861e-05,0.0830673661096568,0.0830940292714715,0.987894313202964,0.0022322402981274497,0.9853857656319936,0.9896617035071056,0.0717102674146493,0.006174856966497879,0.0651356180508931,0.0773870162665844,0.466151495774587,0.12288701621157387,0.3339143047730128,0.5768370380004247,0.863162659936481,0.07442323740568221,0.7838805119196574,0.9315191308657328,6.497568554348416e-05,1.1959258864187229e-05,5.2675604820251465e-05,7.656216621398926e-05,0.0004267228974235667,0.00013691493543098468,0.0002702077229817,0.0005242923895517,0.0007819020085864333,0.0001439834916371817,0.0006337662537892,0.0009213387966156,2.8345319959852427e-06,1.0438536504160553e-06,1.6490618387858074e-06,3.6160151163736978e-06,2.222922113206652e-05,1.2045023708678923e-05,8.960564931233725e-06,3.247459729512533e-05,3.4183263778686523e-05,1.2401614186729772e-05,2.016623814900716e-05,4.372994105021159e-05,1.0,0.0,1.0,1.0,1.0,0.0,1.0,1.0,1.0,0.0,1.0,1.0,0.040923994862370965,0.004764960271768914,0.0367538562665383,0.0461174889157215,0.18295527179294294,0.013445855534009512,0.1705050286707571,0.197213737345818,12.917492146293322,0.48025217008979804,12.508251467719674,13.44620151212439,0.5759756838281949,True
resnorm_layergain_beta_div1,nudge_0p1_plus,0.07518635545339843,0.003855965901567247,0.072077735637625,0.0795012513796488,62278.375274459715,38569.25926874169,34805.37864396064,106371.31611258826,0.5468453003300561,0.026209732833986612,0.5165906548500061,0.5626377662022909,0.9972001413504282,0.00010980116085614003,0.9970851838588716,0.9973039329051973,3691.446071557526,2116.6418469612777,2308.111063818856,6128.09520873454,0.987653589910931,0.002501370661751826,0.9860509037971495,0.9905358950297036,26748.915256076387,17401.42806165136,14802.938151041666,46714.04166666666,0.466151495774587,0.12288701621157383,0.3339143047730128,0.5768370380004247,7.04939685927497,0.6043515815980796,6.417475620905559,7.62177022298177,0.028965291049745334,0.07427753252076205,-0.0374936958154042,0.1091474642356236,0.00042688681019673334,0.0001370769655203142,0.000270257393519,0.0005249629418055,0.006357593668831666,0.001167757082770418,0.0051655769348144,0.0074994762738545,-1.4238015164931614,1.3776838168987924,-2.982044001420339,-0.3673303723335266,2.2037161721123586e-05,1.2032075694464468e-05,8.811553319295248e-06,3.2335519790649414e-05,0.00027589003245033337,0.00010067646992248502,0.0001620848973592,0.0003533363342285,0.6111111111111112,0.5357583756107197,0.0,1.0,1.0,0.0,1.0,1.0,1.0,0.0,1.0,1.0,12146.650390625,8455.940783101418,6538.291748046875,21872.7275390625,0.1469129664064557,0.010729196401588918,0.1370362365204427,0.1583284688725446,12.915374417013178,2.349830951537289,10.225463274866344,14.568532902281731,0.5751863554533985,True
layergain_beta_div1,nudge_0p1_plus,0.0751054810567034,0.0036919525820021137,0.0721621730675299,0.079247943436106,1.3931420873402265,0.28747426513542534,1.081383953142219,1.6477460369977104,0.5468453003300561,0.026209732833986647,0.5165906548500061,0.5626377662022909,0.9969079328907862,0.00028331581785080625,0.9967118203639984,0.997232755025228,0.08304914252095273,2.9923078666261085e-05,0.0830199228815041,0.0830797226299586,0.987653589910931,0.0025013706617518683,0.9860509037971495,0.9905358950297036,0.5854508645004697,0.05029677417532157,0.532955010732015,0.6332140068213145,0.466151495774587,0.12288701621157386,0.3339143047730128,0.5768370380004247,7.04939685927497,0.6043515815980793,6.417475620905559,7.62177022298177,0.0005309631427128334,9.817348075142724e-05,0.0004310856262842,0.0006273388862609,0.00042718648910516666,0.0001372285069428595,0.0002702921628952,0.0005248636007308,0.006362429923481367,0.0011744653648314116,0.0051664064327875,0.0075140794118245,2.291467454698351e-05,8.38816018234438e-06,1.341104507446289e-05,2.928574879964193e-05,2.2004048029581707e-05,1.1977633741582694e-05,8.811553319295248e-06,3.21964422861735e-05,0.0002755886978573,0.0001003616875328101,0.0001619656880696,0.000352144241333,1.0,0.0,1.0,1.0,1.0,0.0,1.0,1.0,1.0,0.0,1.0,1.0,0.2738108312090238,0.03378652019986333,0.2448009724418322,0.3109066883722941,0.1469129664064557,0.010729196401588936,0.1370362365204427,0.1583284688725446,12.443689481976131,2.854716853609985,9.14983759308234,14.20157990185544,0.5751054810567033,True
resnorm_beta_div1,nudge_0p1_plus,0.07503098435699934,0.00372786171738683,0.0720061101019382,0.0791956949979066,62276.54455255686,38569.95485229164,34804.03607686702,106370.45640504124,0.5468453003300561,0.026209732833986647,0.5165906548500061,0.5626377662022909,0.9968154496616788,0.00019361094644424994,0.9966442088286082,0.9970255394776664,3691.34081184603,2116.693571478817,2307.947119180704,6128.047140634331,0.987653589910931,0.0025013706617518683,0.9860509037971495,0.9905358950297036,26748.19666883681,17401.74927271474,14801.88623046875,46713.67578125,0.466151495774587,0.12288701621157386,0.3339143047730128,0.5768370380004247,7.04939685927497,0.6043515815980793,6.417475620905559,7.62177022298177,0.029073852631780833,0.0742976315531935,-0.0374058634042739,0.1092761804660161,0.00042637023660866666,0.000136822528469128,0.0002700239419937,0.0005242228507995,0.006350232495201933,0.0011655755260673104,0.0051611314217249,0.0074907640616099,-1.5139428128798802,1.4554357101687492,-3.160655657450358,-0.3998189369837443,2.1984179814656574e-05,1.1970216136877405e-05,8.811553319295248e-06,3.21964422861735e-05,0.00027527080641846666,0.00010017131595875792,0.0001619358857472,0.0003519554932912,0.6111111111111112,0.5357583756107197,0.0,1.0,1.0,0.0,1.0,1.0,1.0,0.0,1.0,1.0,12143.978542751734,8455.814753514598,6535.800944010417,21869.92122395833,0.1469129664064557,0.010729196401588936,0.1370362365204427,0.1583284688725446,11.104026156011969,2.857092827196029,9.379704779945314,14.401965213939548,0.5750309843569994,True
resnorm_beta_div2,nudge_0p1_plus,0.0750309833221965,0.003727863046281827,0.0720061119645834,0.0791956968605518,622765.479857247,385699.57466834557,348040.38355105795,1063704.6295362315,0.5468453003300561,0.026209732833986647,0.5165906548500061,0.5626377662022909,0.9968154529730479,0.00019360696110791832,0.9966441988945008,0.9970255295435588,36913.40996915093,21166.9368526578,23079.471953194272,61280.47453424312,0.987653589910931,0.002501370661751918,0.9860509037971495,0.9905358950297036,267481.9800347222,174017.50179619802,148018.8671875,467136.78125,0.466151495774587,0.12288701621157387,0.3339143047730128,0.5768370380004247,7.04939685927497,0.6043515815980796,6.417475620905559,7.62177022298177,0.027666762471199036,0.07406869407031828,-0.0386151174704233,0.1076180189847946,0.00042637023660866666,0.000136822528469128,0.0002700239419937,0.0005242228507995,0.006350232495201933,0.0011655755260673104,0.0051611314217249,0.0074907640616099,-14.632716039816538,10.832698775203923,-26.91726698478063,-6.449676295121511,2.1984179814656574e-05,1.1970216136877405e-05,8.811553319295248e-06,3.21964422861735e-05,0.00027527080641846666,0.00010017131595875792,0.0001619358857472,0.0003519554932912,0.6111111111111112,0.5357583756107197,0.0,1.0,1.0,0.0,1.0,1.0,1.0,0.0,1.0,1.0,121439.78515625,84558.14669611065,65358.009114583336,218699.2109375,0.1469129664064557,0.010729196401588927,0.1370362365204427,0.1583284688725446,10.527873136724034,3.7669757105533668,7.040977112948895,14.523269881028682,0.5750309833221965,True
raw,nudge_0p1_plus,0.07499903316299117,0.003657088441366354,0.0720480401068925,0.0790904474755128,0.13931294616159354,0.02874716805512371,0.1081373674467107,0.1647730270480384,0.5468453003300561,0.026209732833986664,0.5165906548500061,0.5626377662022909,0.996698389450709,0.0003025901615234093,0.99648912747701,0.9970453381538392,0.0083048389260052,2.9979502601542836e-06,0.0083019136597743,0.0083079046245813,0.987653589910931,0.002501370661751863,0.9860509037971495,0.9905358950297036,0.058544557541608776,0.005029673558339339,0.0532949889699618,0.0633208851019541,0.466151495774587,0.12288701621157383,0.3339143047730128,0.5768370380004247,7.04939685927497,0.6043515815980797,6.417475620905559,7.62177022298177,5.301998721228705e-05,9.764993091605715e-06,4.308422406514486e-05,6.260474522908528e-05,0.00042665004730219996,0.00013694747208995142,0.0002701083819071,0.0005243023236592,0.006354633304807833,0.0011695009981312098,0.0051630089680353,0.0075006783008575,2.2749106089274087e-06,8.524251485061783e-07,1.3113021850585938e-06,2.9305617014567056e-06,2.196762296888563e-05,1.1946053706865112e-05,8.811553319295248e-06,3.213683764139811e-05,0.0002751681539747,0.00010007625100622909,0.000161866346995,0.0003514985243479,1.0,0.0,1.0,1.0,1.0,0.0,1.0,1.0,1.0,0.0,1.0,1.0,0.027294496281279435,0.0033732317441070416,0.0244176788255572,0.0310070275639494,0.1469129664064557,0.010729196401588922,0.1370362365204427,0.1583284688725446,10.530852696082244,3.382549365447797,8.233064523898065,14.415028732270002,0.5749990331629912,True
beta_div2,nudge_0p1_plus,0.07499903295603057,0.0036570885381738195,0.0720480401068925,0.0790904474755128,13.931295395968123,2.874717054235001,10.813737136554394,16.47730348406331,0.5468453003300561,0.026209732833986647,0.5165906548500061,0.5626377662022909,0.9966983993848165,0.0003025889867679028,0.996489147345225,0.9970453480879464,0.8304839348053332,0.0002998103601534099,0.8301913931511464,0.8307905202839079,0.987653589910931,0.002501370661751918,0.9860509037971495,0.9905358950297036,5.85445605383979,0.5029674325154797,5.329499165217082,6.332088947296143,0.466151495774587,0.12288701621157387,0.3339143047730128,0.5768370380004247,7.04939685927497,0.6043515815980796,6.417475620905559,7.62177022298177,0.0052822613053851,0.0009733422500756156,0.0042914499839146,0.0062371393044789,0.00042665004730219996,0.00013694747208995142,0.0002701083819071,0.0005243023236592,0.006354633304807833,0.0011695009981312096,0.0051630089680353,0.0075006783008575,0.00022857387860610002,8.31111457781224e-05,0.0001344581445058,0.000291883945465,2.1967622968885636e-05,1.194605370686511e-05,8.811553319295248e-06,3.213683764139811e-05,0.00027516484260553336,0.0001000818744862812,0.0001618564128875,0.0003514985243479,1.0,0.0,1.0,1.0,1.0,0.0,1.0,1.0,1.0,0.0,1.0,1.0,2.729449603292677,0.33732317042905213,2.441767851511637,3.10070272286733,0.1469129664064557,0.010729196401588927,0.1370362365204427,0.1583284688725446,11.106520634144545,3.4792142270334363,8.131209361832589,14.932032930199057,0.5749990329560306,True
beta_div1,nudge_0p1_plus,0.07499903192122774,0.0036570854523069545,0.0720480419695377,0.0790904431293408,1.393129508025546,0.28747169573750847,1.0813736898357071,1.647730303113465,0.5468453003300561,0.026209732833986612,0.5165906548500061,0.5626377662022909,0.9966983695824941,0.000302574251060016,0.9964891076087952,0.9970452984174092,0.08304839172509744,2.9980987783712502e-05,0.0830191376272517,0.0830790502414488,0.987653589910931,0.002501370661751826,0.9860509037971495,0.9905358950297036,0.5854455928007761,0.050296742308175456,0.5329499046007792,0.6332088808218638,0.466151495774587,0.12288701621157383,0.3339143047730128,0.5768370380004247,7.04939685927497,0.6043515815980796,6.417475620905559,7.62177022298177,0.0005303091473049,9.775869854985242e-05,0.0004308074712753,0.0006262262662251,0.00042665004730219996,0.00013694747208995142,0.0002701083819071,0.0005243023236592,0.006354633304807833,0.0011695009981312096,0.0051630089680353,0.0075006783008575,2.2871626747979055e-05,8.333741243309601e-06,1.343091328938802e-05,2.920627593994141e-05,2.1967622968885636e-05,1.1946053706865114e-05,8.811553319295248e-06,3.213683764139811e-05,0.0002751681539747,0.00010007625100622908,0.000161866346995,0.0003514985243479,1.0,0.0,1.0,1.0,1.0,0.0,1.0,1.0,1.0,0.0,1.0,1.0,0.2729449619849522,0.033732314255136106,0.2441767901182174,0.3100702712933222,0.1469129664064557,0.010729196401588918,0.1370362365204427,0.1583284688725446,10.249583704397082,3.826639903864349,7.328768673352897,14.581367652863264,0.5749990319212277,True
resnorm_layergain_beta_div1,nudge_0p01_plus,0.07144658764203383,0.0021507680408569077,0.0699782806138197,0.073915347456932,115667.66056144731,72160.45079838573,61901.78458608082,197678.21045892927,0.5063600457376903,0.020342692245179934,0.4837894191344579,0.5232800940672556,0.9398855103386774,0.005991348254733427,0.9329676230748496,0.9434025983015696,3440.5025987519098,2012.344428995919,2142.151403790446,5758.582996338841,0.9898327423466576,0.0013079836685418924,0.9883314073085784,0.99072594443957,49471.16004774306,32406.760305231302,28339.950846354168,86781.89713541667,0.466151495774587,0.12288701621157386,0.3339143047730128,0.5768370380004247,14.029829078250463,0.9403057470136919,13.248630364735922,15.07347615559896,0.029994691411654163,0.07484160336957778,-0.0365904122591018,0.1109955608844757,0.0004258851210275333,0.0001382801224761803,0.0002678136030832,0.0005244513352711,0.0125291413731045,0.002126893123244449,0.0105080207188924,0.0147479971249898,-1.1070824753906991,1.248777287894517,-2.521438697973887,-0.1567129343748092,2.100070317586263e-05,1.1282404245550684e-05,8.314847946166992e-06,2.9911597569783528e-05,0.0005181928475697334,0.00017569460408109214,0.0003158648808797,0.0006322463353474,0.6111111111111112,0.5357583756107197,0.0,1.0,1.0,0.0,1.0,1.0,1.0,0.0,1.0,1.0,4080.8367648654516,2884.953316207246,2309.317586263021,7409.80029296875,0.028515331240163866,0.0023741327202006926,0.0266022057815765,0.0311723260933326,12.089331216334054,2.3370802247186617,10.432391170877963,14.762484475038946,0.5714465876420338,True
layergain_beta_div1,nudge_0p01_plus,0.07129167123801176,0.0017363654552628011,0.0699602738022804,0.0732556382815043,2.5889283193492445,0.6212750917887074,1.9211145241336984,3.1497741754170483,0.5063600457376903,0.020342692245179934,0.4837894191344579,0.5232800940672556,0.9323780834674835,0.010172104121977249,0.9231612384319304,0.943291982014974,0.07702489418626317,0.0009805178130261464,0.076111071042579,0.0780606931635754,0.9898327423466576,0.0013079836685418924,0.9883314073085784,0.99072594443957,1.0810362464851802,0.08405094833966205,1.018686980009079,1.176623523235321,0.466151495774587,0.12288701621157386,0.3339143047730128,0.5768370380004247,14.029829078250463,0.9403057470136919,13.248630364735922,15.07347615559896,0.0009785029623243,0.0001748873079431088,0.0008201748132705,0.0011662244796752,0.0004270821809768,0.00013811930556169666,0.0002691398064295,0.0005252261956532,0.0125689738326602,0.0021235101063019133,0.0105622808138529,0.0147926410039265,3.994835747612847e-05,1.3518569570020564e-05,2.4338563283284504e-05,4.780292510986328e-05,2.094109853108724e-05,1.1151662851731891e-05,8.364518483479818e-06,2.962350845336914e-05,0.0005169841978284333,0.00017401963271648077,0.000316301981608,0.0006261467933654,1.0,0.0,1.0,1.0,1.0,0.0,1.0,1.0,1.0,0.0,1.0,1.0,0.10506168090634872,0.012519099398370382,0.0955299399793148,0.1192396332820256,0.028515331240163866,0.0023741327202006926,0.0266022057815765,0.0311723260933326,12.927190174814314,2.103212791566477,10.83661049278453,15.042812436819077,0.5712916712380118,True
resnorm_beta_div2,nudge_0p01_plus,0.07118765306141638,0.0017932326069179628,0.0699934009462595,0.0732497038940588,11557641.729855293,7219482.213580296,6183391.502553161,19763734.075059697,0.5063600457376903,0.020342692245179934,0.4837894191344579,0.5232800940672556,0.9305669897132449,0.008739543068794285,0.9216669201850892,0.93913663427035,343788.6914151706,201365.15817176606,213816.8440573912,575742.9237527543,0.9898327423466576,0.0013079836685418924,0.9883314073085784,0.99072594443957,4943534.083333333,3242327.5731819333,2828719.5,8676452.083333334,0.466151495774587,0.12288701621157386,0.3339143047730128,0.5768370380004247,14.029829078250463,0.9403057470136919,13.248630364735922,15.07347615559896,0.03326358728938634,0.0649977368320546,-0.027536983291308,0.1017712702353795,0.00042611526118380003,0.00013744228609716502,0.0002690454324086,0.0005243271589279,0.012542573942078467,0.002097933881233097,0.0105584214131037,0.0147382616996765,-741.6524805095461,554.4476711740789,-1317.470209300518,-211.38504399855933,2.087818251715766e-05,1.113882961161358e-05,8.334716161092123e-06,2.961357434590657e-05,0.0005158980687458666,0.00017311249118130362,0.0003163814544677,0.0006262759367624,0.6666666666666666,0.5773502691896258,0.0,1.0,1.0,0.0,1.0,1.0,1.0,0.0,1.0,1.0,405777.09982638893,288483.23084328254,228633.328125,738659.5208333334,0.028515331240163866,0.0023741327202006926,0.0266022057815765,0.0311723260933326,10.122294872843971,0.36898935801229066,9.851376792881638,10.542544523254035,0.5711876530614164,True
resnorm_beta_div1,nudge_0p01_plus,0.07118765161269237,0.0017932309543740867,0.0699933972209692,0.0732497001687685,115576.41647235076,72194.81607069676,61833.916786255664,197637.3325863524,0.5063600457376903,0.020342692245179934,0.4837894191344579,0.5232800940672556,0.9305669864018759,0.008739572103991757,0.921666900316874,0.93913667400678,3437.8869113491996,2013.6514318266024,2138.1685377439776,5757.429062334554,0.9898327423466576,0.0013079836685418924,0.9883314073085784,0.99072594443957,49435.34071180556,32423.273575141833,28287.1962890625,86764.51822916667,0.466151495774587,0.12288701621157386,0.3339143047730128,0.5768370380004247,14.029829078250463,0.9403057470136919,13.248630364735922,15.07347615559896,0.029209948248333367,0.07472773702098798,-0.0374980717897415,0.1099640081326166,0.00042611526118380003,0.00013744228609716502,0.0002690454324086,0.0005243271589279,0.012542573942078467,0.002097933881233097,0.0105584214131037,0.0147382616996765,-2.1876151164372764,2.2251293039747186,-4.749180242419243,-0.7336606780687968,2.087818251715766e-05,1.113882961161358e-05,8.334716161092123e-06,2.961357434590657e-05,0.0005158980687458666,0.00017311249118130362,0.0003163814544677,0.0006262759367624,0.6111111111111112,0.5357583756107197,0.0,1.0,1.0,0.0,1.0,1.0,1.0,0.0,1.0,1.0,4057.770989312066,2884.8323230370584,2286.3332316080728,7386.59521484375,0.028515331240163866,0.0023741327202006926,0.0266022057815765,0.0311723260933326,12.737041245835522,2.2495719310570848,10.359936310909688,14.832568337675184,0.5711876516126924,True
raw,nudge_0p01_plus,0.0711360501332415,0.001644095390207911,0.0699684588859478,0.0730162244290113,0.025883709791276466,0.006211648214964749,0.019206397334354,0.0314905585404347,0.5063600457376903,0.02034269224517995,0.4837894191344579,0.5232800940672556,0.9275934199492136,0.010926138172215057,0.9176954726378124,0.9393176039059956,0.0007700817958866333,9.83048817988791e-06,0.0007609231391881,0.0007804686842626,0.9898327423466576,0.0013079836685418636,0.9883314073085784,0.99072594443957,0.0108080291603174,0.0008406998697973656,0.010184538240234,0.011764150733749,0.466151495774587,0.12288701621157383,0.3339143047730128,0.5768370380004247,14.029829078250463,0.9403057470136925,13.248630364735922,15.07347615559896,9.763571951124404e-06,1.7266805743464602e-06,8.210539817810059e-06,1.1622905731201172e-05,0.00042670302920866664,0.0001374338053754901,0.0002695818742116,0.0005245705445607,0.012561619281768735,0.0021022865070721647,0.010580226778984,0.0147668818632761,3.8743019104003906e-07,1.5517571917984196e-07,2.086162567138672e-07,4.867712656656901e-07,2.087487114800347e-05,1.110512511608228e-05,8.354584376017252e-06,2.953410148620605e-05,0.0005155470636155333,0.00017266975146727713,0.0003164410591125,0.0006241798400878,1.0,0.0,1.0,1.0,1.0,0.0,1.0,1.0,1.0,0.0,1.0,1.0,0.0009650026040617,0.0001254006171233792,0.0008917679272902,0.0011097995447926,0.028515331240163866,0.002374132720200694,0.0266022057815765,0.0311723260933326,13.58185001105691,1.9298499931265403,11.35800530295819,14.817089159041643,0.5711360501332414,True
beta_div1,nudge_0p01_plus,0.0711360493053992,0.0016440958684220991,0.0699684557815392,0.0730162238081296,2.588371040503987,0.6211647610865004,1.9206398525566009,3.149055848605206,0.5063600457376903,0.020342692245179934,0.4837894191344579,0.5232800940672556,0.9275934298833212,0.010926155340561673,0.9176954527695974,0.9393176237742106,0.07700818180260077,0.0009830479092483376,0.076092318254645,0.078046870550727,0.9898327423466576,0.0013079836685418924,0.9883314073085784,0.99072594443957,1.0808029472827911,0.08406999274930048,1.0184538265069325,1.1764151056607564,0.466151495774587,0.12288701621157386,0.3339143047730128,0.5768370380004247,14.029829078250463,0.9403057470136919,13.248630364735922,15.07347615559896,0.0009776535961362332,0.00017322170553426335,0.0008213470379511,0.0011638899644215,0.00042670302920866664,0.0001374338053754901,0.0002695818742116,0.0005245705445607,0.012561619281768735,0.0021022865070721647,0.010580226778984,0.0147668818632761,3.982914818657769e-05,1.3415537972454864e-05,2.4338563283284504e-05,4.766384760538737e-05,2.087487114800347e-05,1.1105125116082284e-05,8.354584376017252e-06,2.953410148620605e-05,0.0005155437522463667,0.0001726754789920079,0.000316431125005,0.0006241798400878,1.0,0.0,1.0,1.0,1.0,0.0,1.0,1.0,1.0,0.0,1.0,1.0,0.09650025972061681,0.01254006116978711,0.0891767914096514,0.1109799531598885,0.028515331240163866,0.0023741327202006926,0.0266022057815765,0.0311723260933326,12.088630940920362,1.9191749096822956,10.907467348966748,14.303057483397424,0.5711360493053992,True
beta_div2,nudge_0p01_plus,0.07113604868451749,0.0016440987199183292,0.0699684557815392,0.0730162269125382,258.8371032809553,62.116479590448385,192.06397908077403,314.9055843942371,0.5063600457376903,0.02034269224517995,0.4837894191344579,0.5232800940672556,0.9275934133264755,0.010926127512520666,0.9176954726378124,0.9393175840377808,7.7008181708163805,0.09830493431040353,7.609231664706445,7.804687185026101,0.9898327423466576,0.0013079836685418636,0.9883314073085784,0.99072594443957,108.08029471503363,8.407000798767493,101.84538269042967,117.64151255289714,0.466151495774587,0.12288701621157383,0.3339143047730128,0.5768370380004247,14.029829078250463,0.9403057470136925,13.248630364735922,15.07347615559896,0.08995299041271206,0.015859216143471612,0.0754809429248174,0.1069067617257436,0.00042669971783950003,0.00013743026837805902,0.0002695818742116,0.0005245606104532,0.012561619281768735,0.0021022865070721647,0.010580226778984,0.0147668818632761,0.003878533840179367,0.001291645806121629,0.0023874839146931,0.0046544969081878,2.087487114800347e-05,1.110512511608228e-05,8.354584376017252e-06,2.953410148620605e-05,0.0005155437522463667,0.0001726754789920079,0.000316431125005,0.0006241798400878,1.0,0.0,1.0,1.0,1.0,0.0,1.0,1.0,1.0,0.0,1.0,1.0,9.650026162465412,1.254006058929831,8.91767946879069,11.0979954401652,0.028515331240163866,0.002374132720200694,0.0266022057815765,0.0311723260933326,12.624061740469187,1.982895859400973,10.96715601393953,14.8210443072021,0.5711360486845175,True
resnorm_layergain_beta_div1,gradual_100_0p01_plus,0.06518672613634001,0.0022665132427132028,0.0627818318704764,0.0672832901279131,356432.67680096446,196697.19363035163,203031.33055994217,578187.8438561261,0.5303053193622166,0.02130362300117688,0.5060433149337769,0.5459521015485128,0.8742733432186974,0.018393096460350904,0.8593823413054148,0.8948337038358053,3114.151214532658,1781.915029720208,1979.8097564550192,5167.987092657677,0.9830989241600037,0.000992292761342613,0.9819650053977966,0.98380841811498,151989.21484375,88253.79160629469,93374.11458333331,253490.4921875,0.466151495774587,0.12288701621157383,0.3339143047730128,0.5768370380004247,48.69599956936307,1.2950019598392684,47.25321833292643,49.75770886739095,-0.07834900584485796,0.2598939271033417,-0.3737537910540898,0.1151449034611384,0.0004239711496564667,0.00013796836803376192,0.0002662241458892,0.0005221366882324,0.04200519952509133,0.0053245453188852515,0.0362100849548975,0.0466813147068023,-5.4400540408160944,5.018108408414021,-11.230919003486632,-2.369053234656652,1.9229120678371855e-05,9.944703160238052e-06,7.828076680501303e-06,2.611676851908366e-05,0.0016226073106129335,0.0004960665730666453,0.0010516544183095,0.0019479791323343,0.6666666666666666,0.5773502691896258,0.0,1.0,1.0,0.0,1.0,1.0,1.0,0.0,1.0,1.0,44855.5476345486,27173.448987921667,29082.984700520832,76232.59375,0.113249032292515,0.008624325673229504,0.1057403186957041,0.1226684935390949,12.561065820977092,1.1311300148526011,11.606787705793977,13.810519626364112,0.56518672613634,True
layergain_beta_div1,gradual_100_0p01_plus,0.06476698298421167,0.0032912905408661037,0.0612449254840612,0.0677645094692707,8.175198483737336,2.0442953903165066,6.290598631153465,10.348496456169052,0.5303053193622166,0.021303623001176875,0.5060433149337769,0.5459521015485128,0.8572335806157855,0.009862670494798274,0.8468453387419382,0.8664694329102834,0.06993407315216056,0.000980914542986747,0.0688993330103423,0.0708504143621579,0.9830989241600037,0.000992292761342613,0.9819650053977966,0.98380841811498,3.404088338216146,0.04994833457104728,3.3466975688934326,3.437739610671997,0.466151495774587,0.12288701621157386,0.3339143047730128,0.5768370380004247,48.69599956936307,1.2950019598392688,47.25321833292643,49.75770886739095,0.003048211336135833,0.0003708919462377449,0.0026659220457077,0.003406544526418,0.00042497780587929997,0.00013799876092478235,0.0002667754888534,0.0005205919345219,0.04213566912545089,0.005422274633922918,0.0363182971874872,0.0470492740472157,0.0001136196984184596,3.347365330711345e-05,7.497270901997884e-05,0.0001334846019744,1.906686358981662e-05,9.71828063943233e-06,7.877747217814127e-06,2.540151278177897e-05,0.0016114612420399332,0.00048412860523883204,0.0010525286197662,0.0018996596336364,1.0,0.0,1.0,1.0,1.0,0.0,1.0,1.0,1.0,0.0,1.0,1.0,1.3655728830231562,0.05631300524671057,1.301557143529256,1.407462219397227,0.113249032292515,0.008624325673229506,0.1057403186957041,0.1226684935390949,13.140972653403878,1.500820772967274,11.43315090192482,14.249778883066028,0.5647669829842117,True
resnorm_beta_div2,gradual_100_0p01_plus,0.0643590028501219,0.002959747643926429,0.0610606521368026,0.0667832704881827,35567953.4537898,19693278.797030397,20249020.58068346,57781558.5285281,0.5303053193622166,0.02130362300117693,0.5060433149337769,0.5459521015485128,0.8531714975833893,0.01288873375260099,0.8439718584219614,0.867902676264445,310804.42463200784,178449.66984152916,197070.5403051412,516475.7260511194,0.9830989241600037,0.000992292761342613,0.9819650053977966,0.98380841811498,15169372.194444446,8837791.205873067,9294401.416666666,25333204.666666668,0.466151495774587,0.12288701621157384,0.3339143047730128,0.5768370380004247,48.69599956936307,1.2950019598392684,47.25321833292643,49.75770886739095,0.033037859532568166,0.07014513246547956,-0.0293394376834233,0.1089718341827392,0.00042159689797293336,0.0001360238406720777,0.0002661496400833,0.0005188037951787,0.04182496501339803,0.005144309553408288,0.0362299382686615,0.0463503897190094,-1786.3973450793162,1082.9346114567202,-2626.3103633125625,-564.1584891279539,1.8907917870415582e-05,9.621721993286866e-06,7.847944895426432e-06,2.5351842244466145e-05,0.0015996032290987998,0.0004756736410186939,0.0010508994261423,0.0018953680992126,0.6666666666666666,0.5773502691896258,0.0,1.0,1.0,0.0,1.0,1.0,1.0,0.0,1.0,1.0,4422637.5,2716774.818419694,2846646.833333333,7559687.0,0.113249032292515,0.008624325673229504,0.1057403186957041,0.1226684935390949,13.332350939512253,0.9159274769259372,12.27831347566098,13.934714953880755,0.564359002850122,True
resnorm_beta_div1,gradual_100_0p01_plus,0.06435900119443734,0.00295974784805384,0.0610606496532758,0.0667832673837741,355679.53471279267,196932.78463186166,202490.2050911805,577815.5806851777,0.5303053193622166,0.02130362300117693,0.5060433149337769,0.5459521015485128,0.8531715008947584,0.01288872381202807,0.8439718584219614,0.8679026663303375,3108.044260621329,1784.4966891087204,1970.7054574623744,5164.757266589369,0.9830989241600037,0.000992292761342613,0.9819650053977966,0.98380841811498,151693.72265625,88377.91146322833,92944.01692708331,253332.046875,0.466151495774587,0.12288701621157386,0.3339143047730128,0.5768370380004247,48.69599956936307,1.2950019598392701,47.25321833292643,49.75770886739095,0.0284634795453813,0.07391887066538862,-0.0369038681189219,0.108679582675298,0.00042159689797293336,0.0001360238406720777,0.0002661496400833,0.0005188037951787,0.041824960046344305,0.005144304667541197,0.0362299382686615,0.0463503797849019,-3.206007632944319,3.1845768208754466,-6.675194362799327,-0.4154374202092488,1.8907917870415582e-05,9.621721993286866e-06,7.847944895426432e-06,2.5351842244466145e-05,0.0015995966063605,0.0004756767294632315,0.0010508894920349,0.0018953680992126,0.5555555555555555,0.5091750772173156,0.0,1.0,1.0,0.0,1.0,1.0,1.0,0.0,1.0,1.0,44226.374457465274,27167.74791028931,28466.4677734375,75596.869140625,0.113249032292515,0.008624325673229502,0.1057403186957041,0.1226684935390949,13.01395195396617,1.1118863716282896,11.730635530781,13.689009595196694,0.5643590011944373,True
raw,gradual_100_0p01_plus,0.06418121150798263,0.0033788998307188673,0.0604458469897508,0.0670247282832861,0.08171006127637893,0.020435474635439686,0.0628706971535478,0.1034349208318917,0.5303053193622166,0.021303623001176875,0.5060433149337769,0.5459521015485128,0.8465615544054242,0.0106796290114569,0.8353061079978943,0.8565528392791748,0.0006989778792609,9.830710747367422e-06,0.0006886074549067,0.0007081610406415,0.9830989241600037,0.000992292761342613,0.9819650053977966,0.98380841811498,0.0340231779134935,0.0004983061074200508,0.0334507270405689,0.0343597419559955,0.466151495774587,0.12288701621157386,0.3339143047730128,0.5768370380004247,48.69599956936307,1.2950019598392688,47.25321833292643,49.75770886739095,3.0308961868286133e-05,3.544736773018378e-06,2.6633342107137043e-05,3.37064266204834e-05,0.00042194624741866664,0.00013619290653860635,0.0002660304307937,0.0005176862080891,0.04186912874380744,0.005229359698812538,0.036228393514951,0.0465557177861531,1.1059972974989148e-06,3.555984962955793e-07,6.953875223795573e-07,1.3113021850585938e-06,1.885162459479438e-05,9.576089710043584e-06,7.828076680501303e-06,2.5113423665364586e-05,0.0015952322218152667,0.0004725464213738664,0.001049667596817,0.0018763542175292,1.0,0.0,1.0,1.0,1.0,0.0,1.0,1.0,1.0,0.0,1.0,1.0,0.011489064173979801,0.0005473695274967126,0.0109657570719718,0.0120576797053217,0.113249032292515,0.008624325673229506,0.1057403186957041,0.1226684935390949,13.132201764422158,0.5687604904804121,12.50013632606715,13.602696313057097,0.5641812115079826,True
beta_div1,gradual_100_0p01_plus,0.06418121047317976,0.003378900563402237,0.0604458463688691,0.0670247307668129,8.171006664316574,2.0435475864699306,6.2870700687972345,10.343492705229234,0.5303053193622166,0.02130362300117693,0.5060433149337769,0.5459521015485128,0.8465615378485786,0.010679623776592973,0.8353060980637869,0.8565528194109598,0.06989779229555958,0.0009830718749378135,0.0688607484533668,0.0708161083678404,0.9830989241600037,0.000992292761342613,0.9819650053977966,0.98380841811498,3.402318000793457,0.04983062489946702,3.3450729052225747,3.4359744787216187,0.466151495774587,0.12288701621157387,0.3339143047730128,0.5768370380004247,48.69599956936307,1.2950019598392701,47.25321833292643,49.75770886739095,0.0030259274774126995,0.0003557086268818166,0.0026571949323018,0.0033669968446095,0.00042194624741866664,0.0001361929065386063,0.0002660304307937,0.0005176862080891,0.04186912874380744,0.005229359698812535,0.036228393514951,0.0465557177861531,0.00011238455772394233,3.2645241088797204e-05,7.469455401102702e-05,0.0001317858695983,1.885162459479438e-05,9.576089710043584e-06,7.828076680501303e-06,2.5113423665364586e-05,0.0015952355331844,0.0004725406868075645,0.0010496775309244,0.0018763542175292,1.0,0.0,1.0,1.0,1.0,0.0,1.0,1.0,1.0,0.0,1.0,1.0,1.1489064163631864,0.05473695898622321,1.0965757171312969,1.2057679891586304,0.113249032292515,0.008624325673229502,0.1057403186957041,0.1226684935390949,13.078849371522665,1.0942413690176414,12.07567491894588,14.245714687742293,0.5641812104731798,True
beta_div2,gradual_100_0p01_plus,0.06418120819661348,0.0033788998817942104,0.0604458426435788,0.0670247226953506,817.1006511308778,204.35474917509572,628.7070108420055,1034.3492519794002,0.5303053193622166,0.02130362300117693,0.5060433149337769,0.5459521015485128,0.8465615312258402,0.010679644128092866,0.8353060682614645,0.8565528293450674,6.989779115496487,0.09830703891924196,6.886074962813932,7.08161069206431,0.9830989241600037,0.000992292761342613,0.9819650053977966,0.98380841811498,340.2317945692274,4.983062692321533,334.5072835286458,343.59743245442706,0.466151495774587,0.12288701621157384,0.3339143047730128,0.5768370380004247,48.69599956936307,1.2950019598392684,47.25321833292643,49.75770886739095,0.2276890393760469,0.03107194839379112,0.1959716777006785,0.2580726196368535,0.00042194624741866664,0.00013619290653860635,0.0002660304307937,0.0005176862080891,0.041869130399492,0.005229360151956292,0.036228393514951,0.0465557177861531,0.0103443066279093,0.002829989945760448,0.0070768594741821,0.0120190779368082,1.885162459479438e-05,9.576089710043584e-06,7.828076680501303e-06,2.5113423665364586e-05,0.0015952355331844334,0.0004725493763431176,0.001049667596817,0.0018763641516367,1.0,0.0,1.0,1.0,1.0,0.0,1.0,1.0,1.0,0.0,1.0,1.0,114.89064195421007,5.473695855038259,109.6575698852539,120.57679748535156,0.113249032292515,0.008624325673229504,0.1057403186957041,0.1226684935390949,13.07893392474701,0.9367167961401348,11.99744426831603,13.634626945015045,0.5641812081966135,True
resnorm_layergain_beta_div1,nudge_0p001_plus,0.03792412659256817,0.028664883342873267,0.0054407735199977,0.0596702892022828,164564.12467512907,103653.39850311342,66281.11324353424,272861.0550719985,0.5013302746746274,0.018617801022361092,0.4829152276118596,0.5201444129149119,0.5953718705309762,0.09881123937512798,0.4814336647590001,0.6575587292512258,1224.3949991089996,799.3054103409718,626.6384233181149,2132.2925363508125,0.9902444945441352,0.0019510823422397591,0.9880463480949402,0.991771161556244,68418.79123263889,44937.394498121146,35594.377604166664,119634.55859375,0.466151495774587,0.12288701621157387,0.3339143047730128,0.5768370380004247,56.036882400512695,0.9378422270635194,55.03717803955078,56.89727783203125,0.03625885314411583,0.06891512387939903,-0.0275000234444936,0.1093741804361343,0.00038230750295843334,0.00012677266917338013,0.0002388159434,0.0004791319370269,0.04340164860089616,0.007935189507625728,0.037484938899676,0.0524190167586008,-7.798510736889308,9.07544903635711,-18.08829468488693,-0.9348881443341572,1.0182460149129232e-05,1.2374688430696397e-05,6.953875223795573e-07,2.4179617563883465e-05,0.0009973711437648973,0.000976756114064777,8.083383242289226e-05,0.0020248691240946,0.6666666666666666,0.5773502691896258,0.0,1.0,1.0,0.0,1.0,1.0,1.0,0.0,1.0,1.0,976.4891933865016,484.66479439012136,567.2573649088541,1511.7059936523438,0.0054191712384904995,0.0008802892641288929,0.0048275296058919,0.0064307988181503,12.078166199071953,0.25658868064661616,11.802635162137449,12.310270133893937,0.5379241265925682,True
layergain_beta_div1,nudge_0p001_plus,0.037011291779991635,0.03320236013819386,-0.0009015575051307,0.0609031609880427,3.609578799302762,1.6847853491388942,1.870323314520026,5.234020718603217,0.5013302746746274,0.018617801022361036,0.4829152276118596,0.5201444129149119,0.47323213683234316,0.023754820924656535,0.4469884783029556,0.493263691663742,0.02585600642275307,0.006993656490752665,0.0178554564389887,0.0308074023736162,0.9902444945441352,0.0019510823422397216,0.9880463480949402,0.991771161556244,1.4433753788471222,0.37278379820535157,1.014728436867396,1.6918178995450337,0.466151495774587,0.12288701621157386,0.3339143047730128,0.5768370380004247,56.036882400512695,0.9378422270635194,55.03717803955078,56.89727783203125,0.0012503597471448665,0.0003843588662445773,0.0008381158113479,0.0015988647937774,0.00040753185749050003,0.00012803586253754863,0.0002597371737162,0.0004847049713134,0.04619935486051766,0.0062155593074750244,0.0408694595098495,0.0530269145965576,2.956059243943956e-05,3.178446260478527e-05,-2.1457672119140625e-06,6.142258644104004e-05,9.41422250535753e-06,1.391451936765856e-05,-2.5232632954915366e-06,2.4696191151936848e-05,0.0009371770752800666,0.0011362699496111851,-0.0002063711484273,0.002066026131312,1.0,0.0,1.0,1.0,1.0,0.0,1.0,1.0,1.0,0.0,1.0,1.0,0.14684903952810496,0.032098578664098126,0.1152721717953682,0.1794450556238492,0.0054191712384904995,0.0008802892641288924,0.0048275296058919,0.0064307988181503,11.09910471830517,0.441318049739264,10.705690436065195,11.576312345918268,0.5370112917799916,True
resnorm_beta_div2,nudge_0p001_plus,0.0367350443266332,0.032551346609104,-0.000558393386503,0.0594425258847574,158175680.52456322,105745704.1614935,59657094.70158846,269906728.1271986,0.5013302746746274,0.018617801022361092,0.4829152276118596,0.5201444129149119,0.43638366791937083,0.05244561588753638,0.3998063007990519,0.4964708536863327,1176843.1454434444,821485.8216957935,562344.5414901305,2109897.971965694,0.9902444945441352,0.0019510823422397591,0.9880463480949402,0.991771161556244,65758498.333333336,46183612.75981443,31939650.33333333,118377028.0,0.466151495774587,0.12288701621157387,0.3339143047730128,0.5768370380004247,56.036882400512695,0.9378422270635194,55.03717803955078,56.89727783203125,0.022628421584765097,0.06901411485198601,-0.03836157421271,0.0975431601206461,0.00040760636329643333,0.00012724859259776272,0.00026070078214,0.0004835625489552,0.046272544397248094,0.006154621323448235,0.0409908046325047,0.0530312756697336,-13619.455048733287,12002.841968918017,-26639.54734247923,-2995.2731691002846,9.242031309339736e-06,1.3394202932167763e-05,-2.294778823852539e-06,2.3931264877319336e-05,0.0009262727366553333,0.0011017191345189918,-0.0001890063285827,0.0020139118035634,0.5555555555555555,0.5091750772173156,0.0,1.0,1.0,0.0,1.0,1.0,1.0,0.0,1.0,1.0,747514.3368055555,483409.8809742382,339673.4375,1281487.0,0.0054191712384904995,0.0008802892641288929,0.0048275296058919,0.0064307988181503,12.318234521429986,0.9256735239323516,11.285270703025162,13.07264664163813,0.5367350443266332,True
resnorm_beta_div1,nudge_0p001_plus,0.03673504391271207,0.03255134521014562,-0.0005583918342987,0.05944252681608,158175.66391773024,105745.693216897,59657.08955348818,269906.7008180245,0.5013302746746274,0.018617801022361036,0.4829152276118596,0.5201444129149119,0.43638366791937083,0.05244558966023702,0.3998063206672668,0.4964708238840103,1176.8430221130336,821.4857344956746,562.3444917688531,2109.897751573771,0.9902444945441352,0.0019510823422397216,0.9880463480949402,0.991771161556244,65758.49142795139,46183.60787493859,31939.6474609375,118377.015625,0.466151495774587,0.12288701621157386,0.3339143047730128,0.5768370380004247,56.036882400512695,0.9378422270635194,55.03717803955078,56.89727783203125,0.034163668751716565,0.07182926811467176,-0.0294006913900375,0.1120882680018742,0.00040760636329643333,0.0001272485925977627,0.00026070078214,0.0004835625489552,0.046272541085878936,0.006154624050746982,0.040990799665451,0.0530312756697336,-1.2266788515779707,1.83486026060852,-3.338702658812205,-0.0249660412470499,9.242031309339736e-06,1.3394202932167763e-05,-2.294778823852539e-06,2.3931264877319336e-05,0.0009262661139169999,0.001101714106334327,-0.0001890063285827,0.0020139018694559,0.6666666666666666,0.5773502691896258,0.0,1.0,1.0,0.0,1.0,1.0,1.0,0.0,1.0,1.0,747.5142940945096,483.409848018626,339.6734161376953,1281.4869181315105,0.0054191712384904995,0.0008802892641288924,0.0048275296058919,0.0064307988181503,10.89035121910274,0.8767342792766941,10.14338016230613,11.855604165233672,0.5367350439127121,True
beta_div2,nudge_0p001_plus,0.03631495601601067,0.03405546987440848,-0.0027075329174598,0.0600344122697909,3567.4740692818705,1687.928531988885,1821.671573979741,5190.86380095504,0.5013302746746274,0.018617801022361092,0.4829152276118596,0.5201444129149119,0.38036232855584884,0.057521967181370516,0.3149143308401108,0.4228943039973576,25.52644002287644,7.11274108441795,17.388178161579408,30.55348856046496,0.9902444945441352,0.0019510823422397591,0.9880463480949402,0.991771161556244,1424.8187188042532,379.78796971025,988.1038818359376,1677.8029378255208,0.466151495774587,0.12288701621157387,0.3339143047730128,0.5768370380004247,56.036882400512695,0.9378422270635194,55.03717803955078,56.89727783203125,0.09905679358376397,0.11664168695413268,-0.0340550740559895,0.183394913872083,0.00041270752747849996,0.00012749948102583366,0.0002654840548833,0.0004865527153015,0.04688328007856996,0.005860969008742775,0.0417973299821217,0.0532928804556528,0.004803233676486499,0.0234646265840349,-0.0222019851207733,0.0202103952566782,9.000301361083984e-06,1.3977017368374637e-05,-3.337860107421875e-06,2.4179617563883465e-05,0.0009057124455769666,0.001159845684566456,-0.0002832810084025,0.0020340283711751,0.6666666666666666,0.5773502691896258,0.0,1.0,1.0,0.0,1.0,1.0,1.0,0.0,1.0,1.0,61.2501629723443,7.061059120345906,53.41780026753744,67.12826347351074,0.0054191712384904995,0.0008802892641288929,0.0048275296058919,0.0064307988181503,12.139279076208672,1.4739827872135376,10.443116482812911,13.109424288850278,0.5363149560160106,True
beta_div1,nudge_0p001_plus,0.0363149553433888,0.03405546912985634,-0.0027075335383415,0.0600344059057533,3.567473726029325,1.6879283355545651,1.8216714245729164,5.190863257173999,0.5013302746746274,0.01861780102236105,0.4829152276118596,0.5201444129149119,0.3803623219331105,0.05752196703888963,0.314914325873057,0.4228943039973576,0.025526437655993064,0.0071127402587660045,0.0173881766947697,0.0305534853480283,0.9902444945441352,0.0019510823422397626,0.9880463480949402,0.991771161556244,1.4248185853163402,0.37978792602324685,0.9881037970383962,1.6778027613957722,0.466151495774587,0.12288701621157383,0.3339143047730128,0.5768370380004247,56.036882400512695,0.9378422270635194,55.03717803955078,56.89727783203125,0.0012507074409060669,0.00038604151686837053,0.0008304715156555,0.0015895863374074,0.00041270752747849996,0.00012749948102583363,0.0002654840548833,0.0004865527153015,0.0468832734558317,0.005860956550490377,0.0417973349491755,0.0532928605874379,2.8679768244425457e-05,3.147001692525362e-05,-3.2087167104085288e-06,5.971391995747884e-05,9.000301361083984e-06,1.3977017368374637e-05,-3.337860107421875e-06,2.4179617563883465e-05,0.0009057124455769666,0.0011598456845664559,-0.0002832810084025,0.0020340283711751,1.0,0.0,1.0,1.0,1.0,0.0,1.0,1.0,1.0,0.0,1.0,1.0,0.0612501588960488,0.007061058372088894,0.0534177968899408,0.0671282584468523,0.0054191712384904995,0.0008802892641288924,0.0048275296058919,0.0064307988181503,11.32923876028508,0.8364538254549889,10.499038044828922,12.17180851008743,0.5363149553433888,True
raw,nudge_0p001_plus,0.03631495513642823,0.03405546951695198,-0.0027075336935619,0.0600344091653823,0.0035674741044868,0.001687928571462685,0.0018216715249451,0.0051908638200906,0.5013302746746274,0.018617801022361092,0.4829152276118596,0.5201444129149119,0.38036232524447966,0.05752195291021283,0.314914345741272,0.4228942990303039,2.5526440315542534e-05,7.112741608962742e-06,1.7388177749622103e-05,3.0553488610552094e-05,0.9902444945441352,0.0019510823422397591,0.9880463480949402,0.991771161556244,0.0014248187330344001,0.00037978800054976704,0.0009881038567982,0.0016778029385022,0.466151495774587,0.12288701621157387,0.3339143047730128,0.5768370380004247,56.036882400512695,0.9378422270635194,55.03717803955078,56.89727783203125,1.2384520636664495e-06,3.826351178187393e-07,8.195638656616211e-07,1.5695889790852864e-06,0.00041270752747849996,0.00012749948102583366,0.0002654840548833,0.0004865527153015,0.0468832718001471,0.005860958705610755,0.0417973299821217,0.0532928605874379,1.3245476616753473e-08,3.193368766371725e-08,-9.934107462565104e-09,4.967053731282552e-08,9.000301361083984e-06,1.3977017368374637e-05,-3.337860107421875e-06,2.4179617563883465e-05,0.0009057124455769666,0.001159845684566456,-0.0002832810084025,0.0020340283711751,1.0,0.0,1.0,1.0,1.0,0.0,1.0,1.0,1.0,0.0,1.0,1.0,6.125016241437859e-05,7.061058569516192e-06,5.341780039695247e-05,6.712826264750522e-05,0.0054191712384904995,0.0008802892641288929,0.0048275296058919,0.0064307988181503,12.161987140929947,0.8708707767654269,11.162550983950496,12.75794157385826,0.5363149551364282,True
