target_name,target_mode,beta_sign,objective_name,objective_beta_power,objective_residual_norm,objective_layer_gain,seed,dataset,n_samples,noise,hidden_sizes,batch_size,n_batches,infer_steps,infer_lr,step_lr,residual_norm_eps,activation,device,duration_sec,ep_objective,ep_state_delta,ep_saturation,dplus_objective,dplus_state_delta,dplus_saturation,dplus_vs_bp_forward_cosine,dplus_vs_bp_forward_norm_ratio,dplus_vs_bp_forward_sign_agreement,dplus_vs_bp_forward_norm_a,dplus_vs_bp_forward_norm_b,dplus_vs_ep_forward_cosine,dplus_vs_ep_forward_norm_ratio,dplus_vs_ep_forward_sign_agreement,dplus_vs_ep_forward_norm_a,dplus_vs_ep_forward_norm_b,dplus_forward_norm,bp_forward_norm,ep_forward_norm,base_free_mse,base_feedforward_ce,bp_raw_free_mse_decrease,bp_raw_feedforward_ce_decrease,ep_raw_free_mse_decrease,ep_raw_feedforward_ce_decrease,dplus_raw_free_mse_decrease,dplus_raw_feedforward_ce_decrease,dplus_bp_scaled_free_mse_decrease,dplus_bp_scaled_feedforward_ce_decrease,dplus_ep_scaled_free_mse_decrease,dplus_ep_scaled_feedforward_ce_decrease,batch_idx,dplus_raw_free_mse_decrease_positive_rate,dplus_bp_scaled_free_mse_decrease_positive_rate,dplus_ep_scaled_free_mse_decrease_positive_rate,bp_raw_free_mse_decrease_positive_rate,ep_raw_free_mse_decrease_positive_rate,training_iteration,config/experiment_name,config/target_name,config/objective_name,config/seed,config/step_lr,config/dataset,config/n_samples,config/test_size,config/noise,config/hidden_sizes,config/batch_size,config/n_batches,config/infer_steps,config/infer_lr,config/residual_norm_eps,config/activation,config/bias,config/state_clip
nudge_0p1_plus,nudge_0.1,plus,resnorm_layergain_beta_div1,1.0,True,True,42,twomoons,2000,0.1,"[128, 64]",32,6,15,0.05,0.001,0.001,tanh,cuda,10.225463274866344,5.427160342534383,0.1370362365204427,0.0,6538.291748046875,0.1370362365204427,0.0,0.0739800793429215,45658.43106683024,0.5165906548500061,14802.938151041666,0.3339143047730128,0.9973039329051973,2308.111063818856,0.9863739709059396,14802.938151041666,6.417475620905559,14802.938151041666,0.3339143047730128,6.417475620905559,0.4525083204110463,0.6512693762779236,0.000102753440539,0.0001147389411926,0.005390445391337,0.0001643896102905,-0.0374936958154042,-0.3673303723335266,0.000270257393519,8.811553319295248e-06,0.0051655769348144,0.0001620848973592,2.5,0.0,1.0,1.0,1.0,1.0,1,_workspace_ThreeQ_dplus_fix_diagnostic_v2,nudge_0p1_plus,resnorm_layergain_beta_div1,42,0.001,twomoons,2000,0.2,0.1,"[128, 64]",32,6,15,0.05,0.001,tanh,True,1.0
nudge_0p1_plus,nudge_0.1,plus,resnorm_beta_div2,2.0,True,False,7,twomoons,2000,0.1,"[128, 64]",32,6,15,0.05,0.001,0.001,tanh,cuda,14.523269881028682,7.175035238265991,0.1453741938263798,0.0,80262.13541666667,0.1453741938263798,0.0,0.0791956968605518,348040.38355105795,0.5626377662022909,187290.29166666663,0.5768370380004247,0.9966441988945008,26380.283420015403,0.9905358950297036,187290.29166666663,7.108944733937581,187290.29166666663,0.5768370380004247,7.108944733937581,0.5047348340352377,0.6594669421513876,0.0003110269705454,0.0003535151481628,0.0067654798428217,0.0003714064757029,0.0139973858992258,-10.531204839547476,0.0005242228507995,3.21964422861735e-05,0.006398802002271,0.0003519554932912,2.5,0.8333333333333334,1.0,1.0,1.0,1.0,1,_workspace_ThreeQ_dplus_fix_diagnostic_v2,nudge_0p1_plus,resnorm_beta_div2,7,0.001,twomoons,2000,0.2,0.1,"[128, 64]",32,6,15,0.05,0.001,tanh,True,1.0
direct_plus,direct_clamp,plus,layergain_beta_div1,1.0,False,True,42,twomoons,2000,0.1,"[128, 64]",32,6,15,0.05,0.001,0.001,tanh,cuda,13.023649455979466,0.7964193224906921,0.1705050286707571,0.0,0.0368176127473513,0.1705050286707571,0.0,0.0754581702252229,0.2013849884883894,0.5429874360561371,0.0651361520091692,0.3339143047730128,0.9973104298114776,0.083094709836897,0.9853857656319936,0.0651361520091692,0.7838805119196574,0.0651361520091692,0.3339143047730128,0.7838805119196574,0.4525083204110463,0.6512693762779236,0.000102753440539,0.0001147389411926,0.0006745159626007,2.07821528116862e-05,5.275507767995199e-05,1.6391277313232422e-06,0.0002705802520116,8.970499038696289e-06,0.0006346354881922,2.0196040471394856e-05,2.5,1.0,1.0,1.0,1.0,1.0,1,_workspace_ThreeQ_dplus_fix_diagnostic_v2,direct_plus,layergain_beta_div1,42,0.001,twomoons,2000,0.2,0.1,"[128, 64]",32,6,15,0.05,0.001,tanh,True,1.0
nudge_0p1_plus,nudge_0.1,plus,resnorm_beta_div1,1.0,True,False,2025,twomoons,2000,0.1,"[128, 64]",32,6,15,0.05,0.001,0.001,tanh,cuda,9.530408474151043,6.085319677988688,0.1583284688725446,0.0,21869.92122395833,0.1583284688725446,0.0,0.0720061101019382,106370.45640504124,0.5613074799378713,46713.67578125,0.4877031445503235,0.9970255394776664,6128.047140634331,0.9860509037971495,46713.67578125,7.62177022298177,46713.67578125,0.4877031445503235,7.62177022298177,0.5975431601206461,0.6984257499376932,0.0003181397914886,0.0002670188744862,0.0081223249435424,0.000327984491984,0.1092761804660161,-3.160655657450358,0.0004848639170328,2.4944543838500977e-05,0.0074907640616099,0.000311921040217,2.5,1.0,1.0,1.0,1.0,1.0,1,_workspace_ThreeQ_dplus_fix_diagnostic_v2,nudge_0p1_plus,resnorm_beta_div1,2025,0.001,twomoons,2000,0.2,0.1,"[128, 64]",32,6,15,0.05,0.001,tanh,True,1.0
nudge_0p1_plus,nudge_0.1,plus,resnorm_beta_div2,2.0,True,False,2025,twomoons,2000,0.1,"[128, 64]",32,6,15,0.05,0.001,0.001,tanh,cuda,10.019372416194528,6.085319677988688,0.1583284688725446,0.0,218699.2109375,0.1583284688725446,0.0,0.0720061119645834,1063704.6295362315,0.5613074799378713,467136.78125,0.4877031445503235,0.9970255295435588,61280.47453424312,0.9860509037971495,467136.78125,7.62177022298177,467136.78125,0.4877031445503235,7.62177022298177,0.5975431601206461,0.6984257499376932,0.0003181397914886,0.0002670188744862,0.0081223249435424,0.000327984491984,0.1076180189847946,-26.91726698478063,0.0004848639170328,2.4944543838500977e-05,0.0074907640616099,0.000311921040217,2.5,1.0,1.0,1.0,1.0,1.0,1,_workspace_ThreeQ_dplus_fix_diagnostic_v2,nudge_0p1_plus,resnorm_beta_div2,2025,0.001,twomoons,2000,0.2,0.1,"[128, 64]",32,6,15,0.05,0.001,tanh,True,1.0
direct_plus,direct_clamp,plus,resnorm_beta_div2,2.0,True,False,2025,twomoons,2000,0.1,"[128, 64]",32,6,15,0.05,0.001,0.001,tanh,cuda,12.862749489955604,0.9105520645777384,0.197213737345818,0.0,3274.84619140625,0.197213737345818,0.0,0.0726971024026473,12996.348688965943,0.5842075248559316,5709.65771484375,0.4877031445503235,0.9970101912816366,6127.820667299943,0.9886354704697928,5709.65771484375,0.9315191308657328,5709.65771484375,0.4877031445503235,0.9315191308657328,0.5975431601206461,0.6984257499376932,0.0003181397914886,0.0002670188744862,0.001019815603892,4.129608472188314e-05,0.1094745645920435,-0.100449522336324,0.0004849135875701,2.5252501169840496e-05,0.0009199579556783,3.861387570699056e-05,2.5,1.0,1.0,1.0,1.0,1.0,1,_workspace_ThreeQ_dplus_fix_diagnostic_v2,direct_plus,resnorm_beta_div2,2025,0.001,twomoons,2000,0.2,0.1,"[128, 64]",32,6,15,0.05,0.001,tanh,True,1.0
direct_plus,direct_clamp,plus,raw,0.0,False,False,7,twomoons,2000,0.1,"[128, 64]",32,6,15,0.05,0.001,0.001,tanh,cuda,12.508251467719674,1.0160647829373677,0.1811470493622538,0.0,0.0399006394048531,0.1811470493622538,0.0,0.0798018593341112,0.1330245167789714,0.5782782038052877,0.0726081679264704,0.5768370380004247,0.997035930554072,0.0830673661096568,0.9896617035071056,0.0726081679264704,0.874088337024053,0.0726081679264704,0.5768370380004247,0.874088337024053,0.5047348340352377,0.6594669421513876,0.0003110269705454,0.0003535151481628,0.0008463710546493,4.729628562927246e-05,6.568928559621175e-05,3.6160151163736978e-06,0.0005242923895517,3.247459729512533e-05,0.0007906009753545,4.372994105021159e-05,2.5,1.0,1.0,1.0,1.0,1.0,1,_workspace_ThreeQ_dplus_fix_diagnostic_v2,direct_plus,raw,7,0.001,twomoons,2000,0.2,0.1,"[128, 64]",32,6,15,0.05,0.001,tanh,True,1.0
direct_plus,direct_clamp,plus,raw,0.0,False,False,2025,twomoons,2000,0.1,"[128, 64]",32,6,15,0.05,0.001,0.001,tanh,cuda,12.798023459035903,0.9105520645777384,0.197213737345818,0.0,0.0461174889157215,0.197213737345818,0.0,0.0727520864456892,0.177180129976166,0.5842075248559316,0.0773870162665844,0.4877031445503235,0.9970431625843048,0.0830762174788287,0.9886354704697928,0.0773870162665844,0.9315191308657328,0.0773870162665844,0.4877031445503235,0.9315191308657328,0.5975431601206461,0.6984257499376932,0.0003181397914886,0.0002670188744862,0.001019815603892,4.129608472188314e-05,7.656216621398926e-05,3.238519032796224e-06,0.0004856685797373,2.5252501169840496e-05,0.0009213387966156,3.865361213684082e-05,2.5,1.0,1.0,1.0,1.0,1.0,1,_workspace_ThreeQ_dplus_fix_diagnostic_v2,direct_plus,raw,2025,0.001,twomoons,2000,0.2,0.1,"[128, 64]",32,6,15,0.05,0.001,tanh,True,1.0
nudge_0p01_plus,nudge_0.01,plus,layergain_beta_div1,1.0,False,True,42,twomoons,2000,0.1,"[128, 64]",32,6,15,0.05,0.001,0.001,tanh,cuda,15.042812436819077,-7.937817653020223,0.0266022057815765,0.0,0.0955299399793148,0.0266022057815765,0.0,0.0699602738022804,3.1497741754170483,0.4837894191344579,1.018686980009079,0.3339143047730128,0.930681029955546,0.0769029183526351,0.9883314073085784,1.018686980009079,13.248630364735922,1.018686980009079,0.3339143047730128,13.248630364735922,0.4525083204110463,0.6512693762779236,0.000102753440539,0.0001147389411926,0.0096135387818018,0.000290443499883,0.0008201748132705,2.4338563283284504e-05,0.0002691398064295,8.364518483479818e-06,0.0105622808138529,0.000316301981608,2.5,1.0,1.0,1.0,1.0,1.0,1,_workspace_ThreeQ_dplus_fix_diagnostic_v2,nudge_0p01_plus,layergain_beta_div1,42,0.001,twomoons,2000,0.2,0.1,"[128, 64]",32,6,15,0.05,0.001,tanh,True,1.0
nudge_0p1_plus,nudge_0.1,plus,beta_div2,2.0,False,False,7,twomoons,2000,0.1,"[128, 64]",32,6,15,0.05,0.001,0.001,tanh,cuda,14.932032930199057,7.175035238265991,0.1453741938263798,0.0,2.645878235499064,0.1453741938263798,0.0,0.0790904474755128,10.813737136554394,0.5626377662022909,5.9017800490061445,0.5768370380004247,0.996489147345225,0.8301913931511464,0.9905358950297036,5.9017800490061445,7.108944733937581,5.9017800490061445,0.5768370380004247,7.108944733937581,0.5047348340352377,0.6594669421513876,0.0003110269705454,0.0003535151481628,0.0067654798428217,0.0003714064757029,0.0053181946277618,0.000291883945465,0.0005243023236592,3.213683764139811e-05,0.0064002126455307,0.0003514985243479,2.5,1.0,1.0,1.0,1.0,1.0,1,_workspace_ThreeQ_dplus_fix_diagnostic_v2,nudge_0p1_plus,beta_div2,7,0.001,twomoons,2000,0.2,0.1,"[128, 64]",32,6,15,0.05,0.001,tanh,True,1.0
nudge_0p01_plus,nudge_0.01,plus,raw,0.0,False,False,42,twomoons,2000,0.1,"[128, 64]",32,6,15,0.05,0.001,0.001,tanh,cuda,14.817089159041643,-7.937817653020223,0.0266022057815765,0.0,0.0008934403401023,0.0266022057815765,0.0,0.0699684588859478,0.0314905585404347,0.4837894191344579,0.010184538240234,0.3339143047730128,0.925767183303833,0.0007688535642092,0.9883314073085784,0.010184538240234,13.248630364735922,0.010184538240234,0.3339143047730128,13.248630364735922,0.4525083204110463,0.6512693762779236,0.000102753440539,0.0001147389411926,0.0096135387818018,0.000290443499883,8.210539817810059e-06,2.086162567138672e-07,0.0002695818742116,8.354584376017252e-06,0.010580226778984,0.0003164410591125,2.5,1.0,1.0,1.0,1.0,1.0,1,_workspace_ThreeQ_dplus_fix_diagnostic_v2,nudge_0p01_plus,raw,42,0.001,twomoons,2000,0.2,0.1,"[128, 64]",32,6,15,0.05,0.001,tanh,True,1.0
nudge_0p01_plus,nudge_0.01,plus,raw,0.0,False,False,2025,twomoons,2000,0.1,"[128, 64]",32,6,15,0.05,0.001,0.001,tanh,cuda,14.570455571170896,-11.108468214670816,0.0311723260933326,0.0,0.0011097995447926,0.0311723260933326,0.0,0.0704234670847654,0.0269541734990407,0.5232800940672556,0.011764150733749,0.4877031445503235,0.9393176039059956,0.0007804686842626,0.99072594443957,0.011764150733749,15.07347615559896,0.011764150733749,0.4877031445503235,15.07347615559896,0.5975431601206461,0.6984257499376932,0.0003181397914886,0.0002670188744862,0.0152277052402496,0.0006419320901234,1.1622905731201172e-05,4.867712656656901e-07,0.0004859566688537,2.473592758178711e-05,0.0147668818632761,0.0006060202916463,2.5,1.0,1.0,1.0,1.0,1.0,1,_workspace_ThreeQ_dplus_fix_diagnostic_v2,nudge_0p01_plus,raw,2025,0.001,twomoons,2000,0.2,0.1,"[128, 64]",32,6,15,0.05,0.001,tanh,True,1.0
direct_plus,direct_clamp,plus,resnorm_layergain_beta_div1,1.0,True,True,2025,twomoons,2000,0.1,"[128, 64]",32,6,15,0.05,0.001,0.001,tanh,cuda,12.905008091125636,0.9105520645777384,0.197213737345818,0.0,3275.2303059895835,0.197213737345818,0.0,0.0727986631294091,12996.437986933744,0.5842075248559316,5709.695882161458,0.4877031445503235,0.9971780578295388,6127.861694570794,0.9886354704697928,5709.695882161458,0.9315191308657328,5709.695882161458,0.4877031445503235,0.9315191308657328,0.5975431601206461,0.6984257499376932,0.0003181397914886,0.0002670188744862,0.001019815603892,4.129608472188314e-05,0.1094390352567036,-0.0994687775770823,0.0004857877890268,2.528230349222819e-05,0.0009216368198394,3.867348035176595e-05,2.5,1.0,1.0,1.0,1.0,1.0,1,_workspace_ThreeQ_dplus_fix_diagnostic_v2,direct_plus,resnorm_layergain_beta_div1,2025,0.001,twomoons,2000,0.2,0.1,"[128, 64]",32,6,15,0.05,0.001,tanh,True,1.0
nudge_0p1_plus,nudge_0.1,plus,resnorm_layergain_beta_div1,1.0,True,True,2025,twomoons,2000,0.1,"[128, 64]",32,6,15,0.05,0.001,0.001,tanh,cuda,13.95212707389146,6.085319677988688,0.1583284688725446,0.0,21872.7275390625,0.1583284688725446,0.0,0.072077735637625,106371.31611258826,0.5613074799378713,46714.04166666666,0.4877031445503235,0.9972113072872162,6128.09520873454,0.9860509037971495,46714.04166666666,7.62177022298177,46714.04166666666,0.4877031445503235,7.62177022298177,0.5975431601206461,0.6984257499376932,0.0003181397914886,0.0002670188744862,0.0081223249435424,0.000327984491984,0.1091474642356236,-2.982044001420339,0.0004854400952657,2.4964412053426106e-05,0.0074994762738545,0.0003122488657633,2.5,1.0,1.0,1.0,1.0,1.0,1,_workspace_ThreeQ_dplus_fix_diagnostic_v2,nudge_0p1_plus,resnorm_layergain_beta_div1,2025,0.001,twomoons,2000,0.2,0.1,"[128, 64]",32,6,15,0.05,0.001,tanh,True,1.0
nudge_0p1_plus,nudge_0.1,plus,raw,0.0,False,False,7,twomoons,2000,0.1,"[128, 64]",32,6,15,0.05,0.001,0.001,tanh,cuda,14.415028732270002,7.175035238265991,0.1453741938263798,0.0,0.0264587824543317,0.1453741938263798,0.0,0.0790904474755128,0.1081373674467107,0.5626377662022909,0.0590177985529104,0.5768370380004247,0.99648912747701,0.0083019136597743,0.9905358950297036,0.0590177985529104,7.108944733937581,0.0590177985529104,0.5768370380004247,7.108944733937581,0.5047348340352377,0.6594669421513876,0.0003110269705454,0.0003535151481628,0.0067654798428217,0.0003714064757029,5.337099234263102e-05,2.9305617014567056e-06,0.0005243023236592,3.213683764139811e-05,0.0064002126455307,0.0003514985243479,2.5,1.0,1.0,1.0,1.0,1.0,1,_workspace_ThreeQ_dplus_fix_diagnostic_v2,nudge_0p1_plus,raw,7,0.001,twomoons,2000,0.2,0.1,"[128, 64]",32,6,15,0.05,0.001,tanh,True,1.0
direct_plus,direct_clamp,plus,beta_div1,1.0,False,False,42,twomoons,2000,0.1,"[128, 64]",32,6,15,0.05,0.001,0.001,tanh,cuda,13.008124323096126,0.7964193224906921,0.1705050286707571,0.0,0.0367538562665383,0.1705050286707571,0.0,0.0753731057047844,0.2013833427189061,0.5429874360561371,0.0651356180508931,0.3339143047730128,0.9971280296643577,0.0830940292714715,0.9853857656319936,0.0651356180508931,0.7838805119196574,0.0651356180508931,0.3339143047730128,0.7838805119196574,0.4525083204110463,0.6512693762779236,0.000102753440539,0.0001147389411926,0.0006745159626007,2.07821528116862e-05,5.2675604820251465e-05,1.6490618387858074e-06,0.0002702077229817,8.960564931233725e-06,0.0006337662537892,2.016623814900716e-05,2.5,1.0,1.0,1.0,1.0,1.0,1,_workspace_ThreeQ_dplus_fix_diagnostic_v2,direct_plus,beta_div1,42,0.001,twomoons,2000,0.2,0.1,"[128, 64]",32,6,15,0.05,0.001,tanh,True,1.0
nudge_0p1_plus,nudge_0.1,plus,beta_div1,1.0,False,False,42,twomoons,2000,0.1,"[128, 64]",32,6,15,0.05,0.001,0.001,tanh,cuda,8.838614786975086,5.427160342534383,0.1370362365204427,0.0,0.2441767901182174,0.1370362365204427,0.0,0.0738586106648047,1.647730303113465,0.5165906548500061,0.5329499046007792,0.3339143047730128,0.9965607027212778,0.0830469873065918,0.9863739709059396,0.5329499046007792,6.417475620905559,0.5329499046007792,0.3339143047730128,6.417475620905559,0.4525083204110463,0.6512693762779236,0.000102753440539,0.0001147389411926,0.005390445391337,0.0001643896102905,0.0004308074712753,1.343091328938802e-05,0.0002701083819071,8.811553319295248e-06,0.0051630089680353,0.000161866346995,2.5,1.0,1.0,1.0,1.0,1.0,1,_workspace_ThreeQ_dplus_fix_diagnostic_v2,nudge_0p1_plus,beta_div1,42,0.001,twomoons,2000,0.2,0.1,"[128, 64]",32,6,15,0.05,0.001,tanh,True,1.0
nudge_0p1_plus,nudge_0.1,plus,layergain_beta_div1,1.0,False,True,2025,twomoons,2000,0.1,"[128, 64]",32,6,15,0.05,0.001,0.001,tanh,cuda,14.20157990185544,6.085319677988688,0.1583284688725446,0.0,0.3109066883722941,0.1583284688725446,0.0,0.0721621730675299,1.45029627188075,0.5613074799378713,0.6332140068213145,0.4877031445503235,0.997232755025228,0.0830797226299586,0.9860509037971495,0.6332140068213145,7.62177022298177,0.6332140068213145,0.4877031445503235,7.62177022298177,0.5975431601206461,0.6984257499376932,0.0003181397914886,0.0002670188744862,0.0081223249435424,0.000327984491984,0.0006273388862609,2.6047229766845703e-05,0.0004864037036895,2.5004148483276367e-05,0.0075140794118245,0.0003126561641693,2.5,1.0,1.0,1.0,1.0,1.0,1,_workspace_ThreeQ_dplus_fix_diagnostic_v2,nudge_0p1_plus,layergain_beta_div1,2025,0.001,twomoons,2000,0.2,0.1,"[128, 64]",32,6,15,0.05,0.001,tanh,True,1.0
nudge_0p01_plus,nudge_0.01,plus,resnorm_beta_div1,1.0,True,False,42,twomoons,2000,0.1,"[128, 64]",32,6,15,0.05,0.001,0.001,tanh,cuda,14.832568337675184,-7.937817653020223,0.0266022057815765,0.0,2286.3332316080728,0.0266022057815765,0.0,0.0699933972209692,87258.00004444423,0.4837894191344579,28287.1962890625,0.3339143047730128,0.9308973848819732,2138.1685377439776,0.9883314073085784,28287.1962890625,13.248630364735922,28287.1962890625,0.3339143047730128,13.248630364735922,0.4525083204110463,0.6512693762779236,0.000102753440539,0.0001147389411926,0.0096135387818018,0.000290443499883,-0.0374980717897415,-0.7336606780687968,0.0002690454324086,8.334716161092123e-06,0.0105584214131037,0.0003163814544677,2.5,0.0,1.0,1.0,1.0,1.0,1,_workspace_ThreeQ_dplus_fix_diagnostic_v2,nudge_0p01_plus,resnorm_beta_div1,42,0.001,twomoons,2000,0.2,0.1,"[128, 64]",32,6,15,0.05,0.001,tanh,True,1.0
direct_plus,direct_clamp,plus,resnorm_beta_div2,2.0,True,False,42,twomoons,2000,0.1,"[128, 64]",32,6,15,0.05,0.001,0.001,tanh,cuda,12.84472550591454,0.7964193224906921,0.1705050286707571,0.0,989.1980387369792,0.1705050286707571,0.0,0.0754247500250736,5579.957028244728,0.5429874360561371,1809.0625813802085,0.3339143047730128,0.9972921907901764,2309.2337251807508,0.9853857656319936,1809.0625813802085,0.7838805119196574,1809.0625813802085,0.3339143047730128,0.7838805119196574,0.4525083204110463,0.6512693762779236,0.000102753440539,0.0001147389411926,0.0006745159626007,2.07821528116862e-05,-0.0344867904980977,0.0287790397802988,0.0002702424923578,8.980433146158854e-06,0.0006338208913803,2.016623814900716e-05,2.5,0.0,1.0,1.0,1.0,1.0,1,_workspace_ThreeQ_dplus_fix_diagnostic_v2,direct_plus,resnorm_beta_div2,42,0.001,twomoons,2000,0.2,0.1,"[128, 64]",32,6,15,0.05,0.001,tanh,True,1.0
direct_plus,direct_clamp,plus,resnorm_layergain_beta_div1,1.0,True,True,42,twomoons,2000,0.1,"[128, 64]",32,6,15,0.05,0.001,0.001,tanh,cuda,11.740381424315274,0.7964193224906921,0.1705050286707571,0.0,989.4878438313802,0.1705050286707571,0.0,0.0755697513620058,5580.250109926784,0.5429874360561371,1809.156311035156,0.3339143047730128,0.997699479262034,2309.35332692082,0.9853857656319936,1809.156311035156,0.7838805119196574,1809.156311035156,0.3339143047730128,0.7838805119196574,0.4525083204110463,0.6512693762779236,0.000102753440539,0.0001147389411926,0.0006745159626007,2.07821528116862e-05,-0.034490168094635,0.0286801159381866,0.0002707640329996,9.000301361083984e-06,0.0006350974241892,2.0205974578857425e-05,2.5,0.0,1.0,1.0,1.0,1.0,1,_workspace_ThreeQ_dplus_fix_diagnostic_v2,direct_plus,resnorm_layergain_beta_div1,42,0.001,twomoons,2000,0.2,0.1,"[128, 64]",32,6,15,0.05,0.001,tanh,True,1.0
direct_plus,direct_clamp,plus,resnorm_beta_div1,1.0,True,False,7,twomoons,2000,0.1,"[128, 64]",32,6,15,0.05,0.001,0.001,tanh,cuda,12.435813186690211,1.0160647829373677,0.1811470493622538,0.0,1218.9226481119792,0.1811470493622538,0.0,0.0799410020311673,4281.283163879616,0.5782782038052877,2304.1101888020835,0.5768370380004247,0.9971605837345124,2639.563037945292,0.9896617035071056,2304.1101888020835,0.874088337024053,2304.1101888020835,0.5768370380004247,0.874088337024053,0.5047348340352377,0.6594669421513876,0.0003110269705454,0.0003535151481628,0.0008463710546493,4.729628562927246e-05,0.0212593326965967,0.0469915270805358,0.0005243718624114,3.252426783243815e-05,0.0007906903823216,4.380941390991211e-05,2.5,1.0,1.0,1.0,1.0,1.0,1,_workspace_ThreeQ_dplus_fix_diagnostic_v2,direct_plus,resnorm_beta_div1,7,0.001,twomoons,2000,0.2,0.1,"[128, 64]",32,6,15,0.05,0.001,tanh,True,1.0
direct_plus,direct_clamp,plus,layergain_beta_div1,1.0,False,True,7,twomoons,2000,0.1,"[128, 64]",32,6,15,0.05,0.001,0.001,tanh,cuda,8.568805343005806,1.0160647829373677,0.1811470493622538,0.0,0.0400168417642513,0.1811470493622538,0.0,0.080026193211476,0.1330256244272011,0.5782782038052877,0.0726087714234988,0.5768370380004247,0.9972240130106608,0.0830680564202438,0.9896617035071056,0.0726087714234988,0.874088337024053,0.0726087714234988,0.5768370380004247,0.874088337024053,0.5047348340352377,0.6594669421513876,0.0003110269705454,0.0003535151481628,0.0008463710546493,4.729628562927246e-05,6.57886266708374e-05,3.606081008911133e-06,0.0005250970522562,3.253420193990072e-05,0.0007917881011962,4.384915033976237e-05,2.5,1.0,1.0,1.0,1.0,1.0,1,_workspace_ThreeQ_dplus_fix_diagnostic_v2,direct_plus,layergain_beta_div1,7,0.001,twomoons,2000,0.2,0.1,"[128, 64]",32,6,15,0.05,0.001,tanh,True,1.0
nudge_0p1_plus,nudge_0.1,plus,beta_div1,1.0,False,False,2025,twomoons,2000,0.1,"[128, 64]",32,6,15,0.05,0.001,0.001,tanh,cuda,7.328768673352897,6.085319677988688,0.1583284688725446,0.0,0.3100702712933222,0.1583284688725446,0.0,0.0720480419695377,1.4502845311274657,0.5613074799378713,0.6332088808218638,0.4877031445503235,0.9970452984174092,0.0830790502414488,0.9860509037971495,0.6332088808218638,7.62177022298177,0.6332088808218638,0.4877031445503235,7.62177022298177,0.5975431601206461,0.6984257499376932,0.0003181397914886,0.0002670188744862,0.0081223249435424,0.000327984491984,0.0006262262662251,2.5977691014607743e-05,0.0004855394363403,2.4954477945963543e-05,0.0075006783008575,0.0003121395905812,2.5,1.0,1.0,1.0,1.0,1.0,1,_workspace_ThreeQ_dplus_fix_diagnostic_v2,nudge_0p1_plus,beta_div1,2025,0.001,twomoons,2000,0.2,0.1,"[128, 64]",32,6,15,0.05,0.001,tanh,True,1.0
direct_plus,direct_clamp,plus,beta_div2,2.0,False,False,7,twomoons,2000,0.1,"[128, 64]",32,6,15,0.05,0.001,0.001,tanh,cuda,12.852713963016868,1.0160647829373677,0.1811470493622538,0.0,0.0399006394048531,0.1811470493622538,0.0,0.0798018593341112,0.1330245167789714,0.5782782038052877,0.0726081679264704,0.5768370380004247,0.997035930554072,0.0830673661096568,0.9896617035071056,0.0726081679264704,0.874088337024053,0.0726081679264704,0.5768370380004247,0.874088337024053,0.5047348340352377,0.6594669421513876,0.0003110269705454,0.0003535151481628,0.0008463710546493,4.729628562927246e-05,6.568928559621175e-05,3.6160151163736978e-06,0.0005242923895517,3.247459729512533e-05,0.0007906009753545,4.372994105021159e-05,2.5,1.0,1.0,1.0,1.0,1.0,1,_workspace_ThreeQ_dplus_fix_diagnostic_v2,direct_plus,beta_div2,7,0.001,twomoons,2000,0.2,0.1,"[128, 64]",32,6,15,0.05,0.001,tanh,True,1.0
direct_plus,direct_clamp,plus,layergain_beta_div1,1.0,False,True,2025,twomoons,2000,0.1,"[128, 64]",32,6,15,0.05,0.001,0.001,tanh,cuda,13.046944724861532,0.9105520645777384,0.197213737345818,0.0,0.0462038864692052,0.197213737345818,0.0,0.072908770913879,0.1771816398084465,0.5842075248559316,0.0773876768847306,0.4877031445503235,0.99723082780838,0.0830769264864506,0.9886354704697928,0.0773876768847306,0.9315191308657328,0.0773876768847306,0.4877031445503235,0.9315191308657328,0.5975431601206461,0.6984257499376932,0.0003181397914886,0.0002670188744862,0.001019815603892,4.129608472188314e-05,7.676084836324056e-05,3.238519032796224e-06,0.0004869600137074,2.532203992207845e-05,0.0009238123893737,3.874301910400391e-05,2.5,1.0,1.0,1.0,1.0,1.0,1,_workspace_ThreeQ_dplus_fix_diagnostic_v2,direct_plus,layergain_beta_div1,2025,0.001,twomoons,2000,0.2,0.1,"[128, 64]",32,6,15,0.05,0.001,tanh,True,1.0
nudge_0p01_plus,nudge_0.01,plus,beta_div2,2.0,False,False,42,twomoons,2000,0.1,"[128, 64]",32,6,15,0.05,0.001,0.001,tanh,cuda,14.8210443072021,-7.937817653020223,0.0266022057815765,0.0,8.934403578440348,0.0266022057815765,0.0,0.0699684557815392,314.9055843942371,0.4837894191344579,101.84538269042967,0.3339143047730128,0.925767183303833,7.688535662716599,0.9883314073085784,101.84538269042967,13.248630364735922,101.84538269042967,0.3339143047730128,13.248630364735922,0.4525083204110463,0.6512693762779236,0.000102753440539,0.0001147389411926,0.0096135387818018,0.000290443499883,0.0754809429248174,0.0023874839146931,0.0002695818742116,8.354584376017252e-06,0.010580226778984,0.000316431125005,2.5,1.0,1.0,1.0,1.0,1.0,1,_workspace_ThreeQ_dplus_fix_diagnostic_v2,nudge_0p01_plus,beta_div2,42,0.001,twomoons,2000,0.2,0.1,"[128, 64]",32,6,15,0.05,0.001,tanh,True,1.0
nudge_0p01_plus,nudge_0.01,plus,resnorm_beta_div2,2.0,True,False,42,twomoons,2000,0.1,"[128, 64]",32,6,15,0.05,0.001,0.001,tanh,cuda,9.972963302396238,-7.937817653020223,0.0266022057815765,0.0,228633.328125,0.0266022057815765,0.0,0.0699934009462595,8725799.611953028,0.4837894191344579,2828719.5,0.3339143047730128,0.9308974146842957,213816.8440573912,0.9883314073085784,2828719.5,13.248630364735922,2828719.5,0.3339143047730128,13.248630364735922,0.4525083204110463,0.6512693762779236,0.000102753440539,0.0001147389411926,0.0096135387818018,0.000290443499883,-0.027536983291308,-211.38504399855933,0.0002690454324086,8.334716161092123e-06,0.0105584214131037,0.0003163814544677,2.5,0.0,1.0,1.0,1.0,1.0,1,_workspace_ThreeQ_dplus_fix_diagnostic_v2,nudge_0p01_plus,resnorm_beta_div2,42,0.001,twomoons,2000,0.2,0.1,"[128, 64]",32,6,15,0.05,0.001,tanh,True,1.0
nudge_0p1_plus,nudge_0.1,plus,resnorm_layergain_beta_div1,1.0,True,True,7,twomoons,2000,0.1,"[128, 64]",32,6,15,0.05,0.001,0.001,tanh,cuda,14.568532902281731,7.175035238265991,0.1453741938263798,0.0,8028.931884765625,0.1453741938263798,0.0,0.0795012513796488,34805.37864396064,0.5626377662022909,18729.765950520832,0.5768370380004247,0.9970851838588716,2638.13194211918,0.9905358950297036,18729.765950520832,7.108944733937581,18729.765950520832,0.5768370380004247,7.108944733937581,0.5047348340352377,0.6594669421513876,0.0003110269705454,0.0003535151481628,0.0067654798428217,0.0003714064757029,0.0152421047290166,-0.922030175725619,0.0005249629418055,3.2335519790649414e-05,0.0064077277978261,0.0003533363342285,2.5,0.8333333333333334,1.0,1.0,1.0,1.0,1,_workspace_ThreeQ_dplus_fix_diagnostic_v2,nudge_0p1_plus,resnorm_layergain_beta_div1,7,0.001,twomoons,2000,0.2,0.1,"[128, 64]",32,6,15,0.05,0.001,tanh,True,1.0
nudge_0p01_plus,nudge_0.01,plus,resnorm_layergain_beta_div1,1.0,True,True,42,twomoons,2000,0.1,"[128, 64]",32,6,15,0.05,0.001,0.001,tanh,cuda,14.762484475038946,-7.937817653020223,0.0266022057815765,0.0,2309.317586263021,0.0266022057815765,0.0,0.0699782806138197,87422.98663933184,0.4837894191344579,28339.950846354168,0.3339143047730128,0.9432863096396128,2142.151403790446,0.9883314073085784,28339.950846354168,13.248630364735922,28339.950846354168,0.3339143047730128,13.248630364735922,0.4525083204110463,0.6512693762779236,0.000102753440539,0.0001147389411926,0.0096135387818018,0.000290443499883,-0.0365904122591018,-0.1567129343748092,0.0002678136030832,8.314847946166992e-06,0.0105080207188924,0.0003158648808797,2.5,0.0,1.0,1.0,1.0,1.0,1,_workspace_ThreeQ_dplus_fix_diagnostic_v2,nudge_0p01_plus,resnorm_layergain_beta_div1,42,0.001,twomoons,2000,0.2,0.1,"[128, 64]",32,6,15,0.05,0.001,tanh,True,1.0
direct_plus,direct_clamp,plus,beta_div1,1.0,False,False,2025,twomoons,2000,0.1,"[128, 64]",32,6,15,0.05,0.001,0.001,tanh,cuda,12.515615292359143,0.9105520645777384,0.197213737345818,0.0,0.0461174889157215,0.197213737345818,0.0,0.0727520864456892,0.177180129976166,0.5842075248559316,0.0773870162665844,0.4877031445503235,0.9970431625843048,0.0830762174788287,0.9886354704697928,0.0773870162665844,0.9315191308657328,0.0773870162665844,0.4877031445503235,0.9315191308657328,0.5975431601206461,0.6984257499376932,0.0003181397914886,0.0002670188744862,0.001019815603892,4.129608472188314e-05,7.656216621398926e-05,3.238519032796224e-06,0.0004856685797373,2.5252501169840496e-05,0.0009213387966156,3.865361213684082e-05,2.5,1.0,1.0,1.0,1.0,1.0,1,_workspace_ThreeQ_dplus_fix_diagnostic_v2,direct_plus,beta_div1,2025,0.001,twomoons,2000,0.2,0.1,"[128, 64]",32,6,15,0.05,0.001,tanh,True,1.0
nudge_0p1_plus,nudge_0.1,plus,beta_div2,2.0,False,False,2025,twomoons,2000,0.1,"[128, 64]",32,6,15,0.05,0.001,0.001,tanh,cuda,10.256319610401988,6.085319677988688,0.1583284688725446,0.0,3.10070272286733,0.1583284688725446,0.0,0.0720480401068925,14.502845567286665,0.5613074799378713,6.332088947296143,0.4877031445503235,0.9970453480879464,0.8307905202839079,0.9860509037971495,6.332088947296143,7.62177022298177,6.332088947296143,0.4877031445503235,7.62177022298177,0.5975431601206461,0.6984257499376932,0.0003181397914886,0.0002670188744862,0.0081223249435424,0.000327984491984,0.0062371393044789,0.0002593795458475,0.0004855394363403,2.4954477945963543e-05,0.0075006783008575,0.0003121395905812,2.5,1.0,1.0,1.0,1.0,1.0,1,_workspace_ThreeQ_dplus_fix_diagnostic_v2,nudge_0p1_plus,beta_div2,2025,0.001,twomoons,2000,0.2,0.1,"[128, 64]",32,6,15,0.05,0.001,tanh,True,1.0
nudge_0p1_plus,nudge_0.1,plus,layergain_beta_div1,1.0,False,True,7,twomoons,2000,0.1,"[128, 64]",32,6,15,0.05,0.001,0.001,tanh,cuda,13.979650950990615,7.175035238265991,0.1453741938263798,0.0,0.265724832812945,0.1453741938263798,0.0,0.079247943436106,1.081383953142219,0.5626377662022909,0.5901835759480795,0.5768370380004247,0.9967118203639984,0.0830199228815041,0.9905358950297036,0.5901835759480795,7.108944733937581,0.5901835759480795,0.5768370380004247,7.108944733937581,0.5047348340352377,0.6594669421513876,0.0003110269705454,0.0003535151481628,0.0067654798428217,0.0003714064757029,0.0005344649155934,2.928574879964193e-05,0.0005248636007308,3.21964422861735e-05,0.0064068039258321,0.000352144241333,2.5,1.0,1.0,1.0,1.0,1.0,1,_workspace_ThreeQ_dplus_fix_diagnostic_v2,nudge_0p1_plus,layergain_beta_div1,7,0.001,twomoons,2000,0.2,0.1,"[128, 64]",32,6,15,0.05,0.001,tanh,True,1.0
direct_plus,direct_clamp,plus,beta_div2,2.0,False,False,42,twomoons,2000,0.1,"[128, 64]",32,6,15,0.05,0.001,0.001,tanh,cuda,12.910949297249315,0.7964193224906921,0.1705050286707571,0.0,0.0367538562665383,0.1705050286707571,0.0,0.0753731057047844,0.2013833427189061,0.5429874360561371,0.0651356180508931,0.3339143047730128,0.9971280296643577,0.0830940292714715,0.9853857656319936,0.0651356180508931,0.7838805119196574,0.0651356180508931,0.3339143047730128,0.7838805119196574,0.4525083204110463,0.6512693762779236,0.000102753440539,0.0001147389411926,0.0006745159626007,2.07821528116862e-05,5.2675604820251465e-05,1.6490618387858074e-06,0.0002702077229817,8.960564931233725e-06,0.0006337662537892,2.016623814900716e-05,2.5,1.0,1.0,1.0,1.0,1.0,1,_workspace_ThreeQ_dplus_fix_diagnostic_v2,direct_plus,beta_div2,42,0.001,twomoons,2000,0.2,0.1,"[128, 64]",32,6,15,0.05,0.001,tanh,True,1.0
direct_plus,direct_clamp,plus,resnorm_beta_div1,1.0,True,False,2025,twomoons,2000,0.1,"[128, 64]",32,6,15,0.05,0.001,0.001,tanh,cuda,12.987536289729178,0.9105520645777384,0.197213737345818,0.0,3274.84619140625,0.197213737345818,0.0,0.0726971024026473,12996.348688965943,0.5842075248559316,5709.65771484375,0.4877031445503235,0.9970101912816366,6127.820667299943,0.9886354704697928,5709.65771484375,0.9315191308657328,5709.65771484375,0.4877031445503235,0.9315191308657328,0.5975431601206461,0.6984257499376932,0.0003181397914886,0.0002670188744862,0.001019815603892,4.129608472188314e-05,0.1094745645920435,-0.100449522336324,0.0004849135875701,2.5252501169840496e-05,0.0009199579556783,3.861387570699056e-05,2.5,1.0,1.0,1.0,1.0,1.0,1,_workspace_ThreeQ_dplus_fix_diagnostic_v2,direct_plus,resnorm_beta_div1,2025,0.001,twomoons,2000,0.2,0.1,"[128, 64]",32,6,15,0.05,0.001,tanh,True,1.0
nudge_0p1_plus,nudge_0.1,plus,raw,0.0,False,False,42,twomoons,2000,0.1,"[128, 64]",32,6,15,0.05,0.001,0.001,tanh,cuda,8.233064523898065,5.427160342534383,0.1370362365204427,0.0,0.0244176788255572,0.1370362365204427,0.0,0.0738586119065682,0.1647730270480384,0.5165906548500061,0.0532949889699618,0.3339143047730128,0.9965607027212778,0.00830469849366,0.9863739709059396,0.0532949889699618,6.417475620905559,0.0532949889699618,0.3339143047730128,6.417475620905559,0.4525083204110463,0.6512693762779236,0.000102753440539,0.0001147389411926,0.005390445391337,0.0001643896102905,4.308422406514486e-05,1.3113021850585938e-06,0.0002701083819071,8.811553319295248e-06,0.0051630089680353,0.000161866346995,2.5,1.0,1.0,1.0,1.0,1.0,1,_workspace_ThreeQ_dplus_fix_diagnostic_v2,nudge_0p1_plus,raw,42,0.001,twomoons,2000,0.2,0.1,"[128, 64]",32,6,15,0.05,0.001,tanh,True,1.0
direct_plus,direct_clamp,plus,beta_div2,2.0,False,False,2025,twomoons,2000,0.1,"[128, 64]",32,6,15,0.05,0.001,0.001,tanh,cuda,12.967616525944322,0.9105520645777384,0.197213737345818,0.0,0.0461174889157215,0.197213737345818,0.0,0.0727520864456892,0.177180129976166,0.5842075248559316,0.0773870162665844,0.4877031445503235,0.9970431625843048,0.0830762174788287,0.9886354704697928,0.0773870162665844,0.9315191308657328,0.0773870162665844,0.4877031445503235,0.9315191308657328,0.5975431601206461,0.6984257499376932,0.0003181397914886,0.0002670188744862,0.001019815603892,4.129608472188314e-05,7.656216621398926e-05,3.238519032796224e-06,0.0004856685797373,2.5252501169840496e-05,0.0009213387966156,3.865361213684082e-05,2.5,1.0,1.0,1.0,1.0,1.0,1,_workspace_ThreeQ_dplus_fix_diagnostic_v2,direct_plus,beta_div2,2025,0.001,twomoons,2000,0.2,0.1,"[128, 64]",32,6,15,0.05,0.001,tanh,True,1.0
direct_plus,direct_clamp,plus,resnorm_beta_div1,1.0,True,False,42,twomoons,2000,0.1,"[128, 64]",32,6,15,0.05,0.001,0.001,tanh,cuda,10.117248486261817,0.7964193224906921,0.1705050286707571,0.0,989.1980387369792,0.1705050286707571,0.0,0.0754247500250736,5579.957028244728,0.5429874360561371,1809.0625813802085,0.3339143047730128,0.9972921907901764,2309.2337251807508,0.9853857656319936,1809.0625813802085,0.7838805119196574,1809.0625813802085,0.3339143047730128,0.7838805119196574,0.4525083204110463,0.6512693762779236,0.000102753440539,0.0001147389411926,0.0006745159626007,2.07821528116862e-05,-0.0344867904980977,0.0287790397802988,0.0002702424923578,8.980433146158854e-06,0.0006338208913803,2.016623814900716e-05,2.5,0.0,1.0,1.0,1.0,1.0,1,_workspace_ThreeQ_dplus_fix_diagnostic_v2,direct_plus,resnorm_beta_div1,42,0.001,twomoons,2000,0.2,0.1,"[128, 64]",32,6,15,0.05,0.001,tanh,True,1.0
nudge_0p1_plus,nudge_0.1,plus,beta_div2,2.0,False,False,42,twomoons,2000,0.1,"[128, 64]",32,6,15,0.05,0.001,0.001,tanh,cuda,8.131209361832589,5.427160342534383,0.1370362365204427,0.0,2.441767851511637,0.1370362365204427,0.0,0.0738586112856864,16.47730348406331,0.5165906548500061,5.329499165217082,0.3339143047730128,0.9965607027212778,0.8304698909809453,0.9863739709059396,5.329499165217082,6.417475620905559,5.329499165217082,0.3339143047730128,6.417475620905559,0.4525083204110463,0.6512693762779236,0.000102753440539,0.0001147389411926,0.005390445391337,0.0001643896102905,0.0042914499839146,0.0001344581445058,0.0002701083819071,8.811553319295248e-06,0.0051630089680353,0.0001618564128875,2.5,1.0,1.0,1.0,1.0,1.0,1,_workspace_ThreeQ_dplus_fix_diagnostic_v2,nudge_0p1_plus,beta_div2,42,0.001,twomoons,2000,0.2,0.1,"[128, 64]",32,6,15,0.05,0.001,tanh,True,1.0
nudge_0p1_plus,nudge_0.1,plus,beta_div1,1.0,False,False,7,twomoons,2000,0.1,"[128, 64]",32,6,15,0.05,0.001,0.001,tanh,cuda,14.581367652863264,7.175035238265991,0.1453741938263798,0.0,0.2645878245433171,0.1453741938263798,0.0,0.0790904431293408,1.0813736898357071,0.5626377662022909,0.5901779929796854,0.5768370380004247,0.9964891076087952,0.0830191376272517,0.9905358950297036,0.5901779929796854,7.108944733937581,0.5901779929796854,0.5768370380004247,7.108944733937581,0.5047348340352377,0.6594669421513876,0.0003110269705454,0.0003535151481628,0.0067654798428217,0.0003714064757029,0.0005338937044143,2.920627593994141e-05,0.0005243023236592,3.213683764139811e-05,0.0064002126455307,0.0003514985243479,2.5,1.0,1.0,1.0,1.0,1.0,1,_workspace_ThreeQ_dplus_fix_diagnostic_v2,nudge_0p1_plus,beta_div1,7,0.001,twomoons,2000,0.2,0.1,"[128, 64]",32,6,15,0.05,0.001,tanh,True,1.0
nudge_0p1_plus,nudge_0.1,plus,resnorm_beta_div1,1.0,True,False,7,twomoons,2000,0.1,"[128, 64]",32,6,15,0.05,0.001,0.001,tanh,cuda,14.401965213939548,7.175035238265991,0.1453741938263798,0.0,8026.213460286458,0.1453741938263798,0.0,0.0791956949979066,34804.03607686702,0.5626377662022909,18729.027994791668,0.5768370380004247,0.9966442088286082,2638.0281757230555,0.9905358950297036,18729.027994791668,7.108944733937581,18729.027994791668,0.5768370380004247,7.108944733937581,0.5047348340352377,0.6594669421513876,0.0003110269705454,0.0003535151481628,0.0067654798428217,0.0003714064757029,0.0153512408336003,-0.9813538442055384,0.0005242228507995,3.21964422861735e-05,0.006398802002271,0.0003519554932912,2.5,0.8333333333333334,1.0,1.0,1.0,1.0,1,_workspace_ThreeQ_dplus_fix_diagnostic_v2,nudge_0p1_plus,resnorm_beta_div1,7,0.001,twomoons,2000,0.2,0.1,"[128, 64]",32,6,15,0.05,0.001,tanh,True,1.0
nudge_0p01_plus,nudge_0.01,plus,beta_div1,1.0,False,False,42,twomoons,2000,0.1,"[128, 64]",32,6,15,0.05,0.001,0.001,tanh,cuda,14.303057483397424,-7.937817653020223,0.0266022057815765,0.0,0.0893440345923105,0.0266022057815765,0.0,0.0699684557815392,3.149055848605206,0.4837894191344579,1.0184538265069325,0.3339143047730128,0.9257672131061554,0.0768853566024303,0.9883314073085784,1.0184538265069325,13.248630364735922,1.0184538265069325,0.3339143047730128,13.248630364735922,0.4525083204110463,0.6512693762779236,0.000102753440539,0.0001147389411926,0.0096135387818018,0.000290443499883,0.0008213470379511,2.4338563283284504e-05,0.0002695818742116,8.354584376017252e-06,0.010580226778984,0.000316431125005,2.5,1.0,1.0,1.0,1.0,1.0,1,_workspace_ThreeQ_dplus_fix_diagnostic_v2,nudge_0p01_plus,beta_div1,42,0.001,twomoons,2000,0.2,0.1,"[128, 64]",32,6,15,0.05,0.001,tanh,True,1.0
nudge_0p1_plus,nudge_0.1,plus,resnorm_beta_div2,2.0,True,False,42,twomoons,2000,0.1,"[128, 64]",32,6,15,0.05,0.001,0.001,tanh,cuda,7.040977112948895,5.427160342534383,0.1370362365204427,0.0,65358.009114583336,0.1370362365204427,0.0,0.0738911411414543,456551.4264844514,0.5165906548500061,148018.8671875,0.3339143047730128,0.9967766304810842,23079.471953194272,0.9863739709059396,148018.8671875,6.417475620905559,148018.8671875,0.3339143047730128,6.417475620905559,0.4525083204110463,0.6512693762779236,0.000102753440539,0.0001147389411926,0.005390445391337,0.0001643896102905,-0.0386151174704233,-6.449676295121511,0.0002700239419937,8.811553319295248e-06,0.0051611314217249,0.0001619358857472,2.5,0.0,1.0,1.0,1.0,1.0,1,_workspace_ThreeQ_dplus_fix_diagnostic_v2,nudge_0p1_plus,resnorm_beta_div2,42,0.001,twomoons,2000,0.2,0.1,"[128, 64]",32,6,15,0.05,0.001,tanh,True,1.0
nudge_0p1_plus,nudge_0.1,plus,layergain_beta_div1,1.0,False,True,42,twomoons,2000,0.1,"[128, 64]",32,6,15,0.05,0.001,0.001,tanh,cuda,9.14983759308234,5.427160342534383,0.1370362365204427,0.0,0.2448009724418322,0.1370362365204427,0.0,0.0739063266664743,1.6477460369977104,0.5165906548500061,0.532955010732015,0.3339143047730128,0.996779223283132,0.0830477820513955,0.9863739709059396,0.532955010732015,6.417475620905559,0.532955010732015,0.3339143047730128,6.417475620905559,0.4525083204110463,0.6512693762779236,0.000102753440539,0.0001147389411926,0.005390445391337,0.0001643896102905,0.0004310856262842,1.341104507446289e-05,0.0002702921628952,8.811553319295248e-06,0.0051664064327875,0.0001619656880696,2.5,1.0,1.0,1.0,1.0,1.0,1,_workspace_ThreeQ_dplus_fix_diagnostic_v2,nudge_0p1_plus,layergain_beta_div1,42,0.001,twomoons,2000,0.2,0.1,"[128, 64]",32,6,15,0.05,0.001,tanh,True,1.0
direct_plus,direct_clamp,plus,beta_div1,1.0,False,False,7,twomoons,2000,0.1,"[128, 64]",32,6,15,0.05,0.001,0.001,tanh,cuda,13.030900510028005,1.0160647829373677,0.1811470493622538,0.0,0.0399006394048531,0.1811470493622538,0.0,0.0798018593341112,0.1330245167789714,0.5782782038052877,0.0726081679264704,0.5768370380004247,0.997035930554072,0.0830673661096568,0.9896617035071056,0.0726081679264704,0.874088337024053,0.0726081679264704,0.5768370380004247,0.874088337024053,0.5047348340352377,0.6594669421513876,0.0003110269705454,0.0003535151481628,0.0008463710546493,4.729628562927246e-05,6.568928559621175e-05,3.6160151163736978e-06,0.0005242923895517,3.247459729512533e-05,0.0007906009753545,4.372994105021159e-05,2.5,1.0,1.0,1.0,1.0,1.0,1,_workspace_ThreeQ_dplus_fix_diagnostic_v2,direct_plus,beta_div1,7,0.001,twomoons,2000,0.2,0.1,"[128, 64]",32,6,15,0.05,0.001,tanh,True,1.0
nudge_0p1_plus,nudge_0.1,plus,resnorm_beta_div1,1.0,True,False,42,twomoons,2000,0.1,"[128, 64]",32,6,15,0.05,0.001,0.001,tanh,cuda,9.379704779945314,5.427160342534383,0.1370362365204427,0.0,6535.800944010417,0.1370362365204427,0.0,0.0738911479711532,45655.14117576231,0.5165906548500061,14801.88623046875,0.3339143047730128,0.9967766006787618,2307.947119180704,0.9863739709059396,14801.88623046875,6.417475620905559,14801.88623046875,0.3339143047730128,6.417475620905559,0.4525083204110463,0.6512693762779236,0.000102753440539,0.0001147389411926,0.005390445391337,0.0001643896102905,-0.0374058634042739,-0.3998189369837443,0.0002700239419937,8.811553319295248e-06,0.0051611314217249,0.0001619358857472,2.5,0.0,1.0,1.0,1.0,1.0,1,_workspace_ThreeQ_dplus_fix_diagnostic_v2,nudge_0p1_plus,resnorm_beta_div1,42,0.001,twomoons,2000,0.2,0.1,"[128, 64]",32,6,15,0.05,0.001,tanh,True,1.0
direct_plus,direct_clamp,plus,resnorm_layergain_beta_div1,1.0,True,True,7,twomoons,2000,0.1,"[128, 64]",32,6,15,0.05,0.001,0.001,tanh,cuda,9.472626728005707,1.0160647829373677,0.1811470493622538,0.0,1219.2725016276042,0.1811470493622538,0.0,0.0803405232727527,4281.4122506286885,0.5782782038052877,2304.181193033854,0.5768370380004247,0.9975129663944244,2639.644241186665,0.9896617035071056,2304.181193033854,0.874088337024053,2304.181193033854,0.5768370380004247,0.874088337024053,0.5047348340352377,0.6594669421513876,0.0003110269705454,0.0003535151481628,0.0008463710546493,4.729628562927246e-05,0.0213701128959655,0.0472098191579183,0.0005255689223607,3.2683213551839195e-05,0.0007924238840738,4.4018030166625977e-05,2.5,1.0,1.0,1.0,1.0,1.0,1,_workspace_ThreeQ_dplus_fix_diagnostic_v2,direct_plus,resnorm_layergain_beta_div1,7,0.001,twomoons,2000,0.2,0.1,"[128, 64]",32,6,15,0.05,0.001,tanh,True,1.0
nudge_0p1_plus,nudge_0.1,plus,raw,0.0,False,False,2025,twomoons,2000,0.1,"[128, 64]",32,6,15,0.05,0.001,0.001,tanh,cuda,8.944464832078665,6.085319677988688,0.1583284688725446,0.0,0.0310070275639494,0.1583284688725446,0.0,0.0720480401068925,0.1450284439900315,0.5613074799378713,0.0633208851019541,0.4877031445503235,0.9970453381538392,0.0083079046245813,0.9860509037971495,0.0633208851019541,7.62177022298177,0.0633208851019541,0.4877031445503235,7.62177022298177,0.5975431601206461,0.6984257499376932,0.0003181397914886,0.0002670188744862,0.0081223249435424,0.000327984491984,6.260474522908528e-05,2.5828679402669272e-06,0.0004855394363403,2.4954477945963543e-05,0.0075006783008575,0.0003121395905812,2.5,1.0,1.0,1.0,1.0,1.0,1,_workspace_ThreeQ_dplus_fix_diagnostic_v2,nudge_0p1_plus,raw,2025,0.001,twomoons,2000,0.2,0.1,"[128, 64]",32,6,15,0.05,0.001,tanh,True,1.0
direct_plus,direct_clamp,plus,resnorm_beta_div2,2.0,True,False,7,twomoons,2000,0.1,"[128, 64]",32,6,15,0.05,0.001,0.001,tanh,cuda,13.015675860922784,1.0160647829373677,0.1811470493622538,0.0,1218.9226481119792,0.1811470493622538,0.0,0.0799410020311673,4281.283163879616,0.5782782038052877,2304.1101888020835,0.5768370380004247,0.9971605837345124,2639.563037945292,0.9896617035071056,2304.1101888020835,0.874088337024053,2304.1101888020835,0.5768370380004247,0.874088337024053,0.5047348340352377,0.6594669421513876,0.0003110269705454,0.0003535151481628,0.0008463710546493,4.729628562927246e-05,0.0212593326965967,0.0469915270805358,0.0005243718624114,3.252426783243815e-05,0.0007906903823216,4.380941390991211e-05,2.5,1.0,1.0,1.0,1.0,1.0,1,_workspace_ThreeQ_dplus_fix_diagnostic_v2,direct_plus,resnorm_beta_div2,7,0.001,twomoons,2000,0.2,0.1,"[128, 64]",32,6,15,0.05,0.001,tanh,True,1.0
direct_plus,direct_clamp,plus,raw,0.0,False,False,42,twomoons,2000,0.1,"[128, 64]",32,6,15,0.05,0.001,0.001,tanh,cuda,13.44620151212439,0.7964193224906921,0.1705050286707571,0.0,0.0367538562665383,0.1705050286707571,0.0,0.0753731057047844,0.2013833427189061,0.5429874360561371,0.0651356180508931,0.3339143047730128,0.9971280296643577,0.0830940292714715,0.9853857656319936,0.0651356180508931,0.7838805119196574,0.0651356180508931,0.3339143047730128,0.7838805119196574,0.4525083204110463,0.6512693762779236,0.000102753440539,0.0001147389411926,0.0006745159626007,2.07821528116862e-05,5.2675604820251465e-05,1.6490618387858074e-06,0.0002702077229817,8.960564931233725e-06,0.0006337662537892,2.016623814900716e-05,2.5,1.0,1.0,1.0,1.0,1.0,1,_workspace_ThreeQ_dplus_fix_diagnostic_v2,direct_plus,raw,42,0.001,twomoons,2000,0.2,0.1,"[128, 64]",32,6,15,0.05,0.001,tanh,True,1.0
nudge_0p001_plus,nudge_0.001,plus,beta_div2,2.0,False,False,7,twomoons,2000,0.1,"[128, 64]",32,6,15,0.05,0.001,0.001,tanh,cuda,10.443116482812911,-121.82942326863606,0.0048275296058919,0.0,67.12826347351074,0.0048275296058919,0.0,-0.0027075329174598,1821.671573979741,0.500931183497111,988.1038818359376,0.5768370380004247,0.3149143308401108,17.388178161579408,0.9909159739812216,988.1038818359376,56.89727783203125,988.1038818359376,0.5768370380004247,56.89727783203125,0.5047348340352377,0.6594669421513876,0.0003110269705454,0.0003535151481628,0.0127075413862864,0.0003856619199117,0.183394913872083,-0.0222019851207733,0.0004865527153015,-3.337860107421875e-06,0.0455596297979354,-0.0002832810084025,2.5,1.0,1.0,1.0,1.0,1.0,1,_workspace_ThreeQ_dplus_fix_diagnostic_v2,nudge_0p001_plus,beta_div2,7,0.001,twomoons,2000,0.2,0.1,"[128, 64]",32,6,15,0.05,0.001,tanh,True,1.0
nudge_0p001_plus,nudge_0.001,plus,resnorm_layergain_beta_div1,1.0,True,True,7,twomoons,2000,0.1,"[128, 64]",32,6,15,0.05,0.001,0.001,tanh,cuda,12.310270133893937,-121.82942326863606,0.0048275296058919,0.0,567.2573649088541,0.0048275296058919,0.0,0.0054407735199977,66281.11324353424,0.500931183497111,35594.377604166664,0.5768370380004247,0.6471232175827026,626.6384233181149,0.9909159739812216,35594.377604166664,56.89727783203125,35594.377604166664,0.5768370380004247,56.89727783203125,0.5047348340352377,0.6594669421513876,0.0003110269705454,0.0003535151481628,0.0127075413862864,0.0003856619199117,0.0269024024407068,-4.372349381446838,0.0004289746284484,6.953875223795573e-07,0.0403009901444117,8.083383242289226e-05,2.5,1.0,1.0,1.0,1.0,1.0,1,_workspace_ThreeQ_dplus_fix_diagnostic_v2,nudge_0p001_plus,resnorm_layergain_beta_div1,7,0.001,twomoons,2000,0.2,0.1,"[128, 64]",32,6,15,0.05,0.001,tanh,True,1.0
gradual_100_0p01_plus,gradual_clamp_100_0.01,plus,resnorm_layergain_beta_div1,1.0,True,True,42,twomoons,2000,0.1,"[128, 64]",32,6,15,0.05,0.001,0.001,tanh,cuda,13.810519626364112,-15.94718106587728,0.1057403186957041,0.0,29082.984700520832,0.1057403186957041,0.0,0.0654950564106305,288078.85598682525,0.5060433149337769,93374.11458333331,0.3339143047730128,0.8948337038358053,1979.8097564550192,0.98380841811498,93374.11458333331,47.25321833292643,93374.11458333331,0.3339143047730128,47.25321833292643,0.4525083204110463,0.6512693762779236,0.000102753440539,0.0001147389411926,0.0346808383862177,0.0009761949380238,-0.3737537910540898,-2.369053234656652,0.0002662241458892,7.828076680501303e-06,0.0362100849548975,0.0010516544183095,2.5,0.0,1.0,1.0,1.0,1.0,1,_workspace_ThreeQ_dplus_fix_diagnostic_v2,gradual_100_0p01_plus,resnorm_layergain_beta_div1,42,0.001,twomoons,2000,0.2,0.1,"[128, 64]",32,6,15,0.05,0.001,tanh,True,1.0
nudge_0p001_plus,nudge_0.001,plus,beta_div1,1.0,False,False,7,twomoons,2000,0.1,"[128, 64]",32,6,15,0.05,0.001,0.001,tanh,cuda,10.499038044828922,-121.82942326863606,0.0048275296058919,0.0,0.0671282584468523,0.0048275296058919,0.0,-0.0027075335383415,1.8216714245729164,0.500931183497111,0.9881037970383962,0.5768370380004247,0.314914325873057,0.0173881766947697,0.9909159739812216,0.9881037970383962,56.89727783203125,0.9881037970383962,0.5768370380004247,56.89727783203125,0.5047348340352377,0.6594669421513876,0.0003110269705454,0.0003535151481628,0.0127075413862864,0.0003856619199117,0.0008304715156555,-3.2087167104085288e-06,0.0004865527153015,-3.337860107421875e-06,0.0455596248308817,-0.0002832810084025,2.5,1.0,1.0,1.0,1.0,1.0,1,_workspace_ThreeQ_dplus_fix_diagnostic_v2,nudge_0p001_plus,beta_div1,7,0.001,twomoons,2000,0.2,0.1,"[128, 64]",32,6,15,0.05,0.001,tanh,True,1.0
nudge_0p001_plus,nudge_0.001,plus,resnorm_layergain_beta_div1,1.0,True,True,2025,twomoons,2000,0.1,"[128, 64]",32,6,15,0.05,0.001,0.001,tanh,cuda,11.802635162137449,-120.47653706868488,0.0064307988181503,0.0,1511.7059936523438,0.0064307988181503,0.0,0.0596702892022828,272861.0550719985,0.5201444129149119,119634.55859375,0.4877031445503235,0.4814336647590001,2132.2925363508125,0.991771161556244,119634.55859375,56.176191329956055,119634.55859375,0.4877031445503235,56.176191329956055,0.5975431601206461,0.6984257499376932,0.0003181397914886,0.0002670188744862,0.02272230386734,0.0012798408667246,0.1093741804361343,-18.08829468488693,0.0004791319370269,2.4179617563883465e-05,0.0524190167586008,0.0020248691240946,2.5,1.0,1.0,1.0,1.0,1.0,1,_workspace_ThreeQ_dplus_fix_diagnostic_v2,nudge_0p001_plus,resnorm_layergain_beta_div1,2025,0.001,twomoons,2000,0.2,0.1,"[128, 64]",32,6,15,0.05,0.001,tanh,True,1.0
nudge_0p001_plus,nudge_0.001,plus,layergain_beta_div1,1.0,False,True,42,twomoons,2000,0.1,"[128, 64]",32,6,15,0.05,0.001,0.001,tanh,cuda,10.705690436065195,-111.4766133626302,0.0049991852914293,0.0,0.1152721717953682,0.0049991852914293,0.0,0.0510322718570629,5.234020718603217,0.4829152276118596,1.6918178995450337,0.3339143047730128,0.493263691663742,0.0308074023736162,0.9880463480949402,1.6918178995450337,55.03717803955078,1.6918178995450337,0.3339143047730128,55.03717803955078,0.4525083204110463,0.6512693762779236,0.000102753440539,0.0001147389411926,0.0092164973417917,0.0002779165903727,0.0013140986363093,2.9404958089192707e-05,0.0002597371737162,6.069739659627278e-06,0.0408694595098495,0.0009518762429555,2.5,1.0,1.0,1.0,1.0,1.0,1,_workspace_ThreeQ_dplus_fix_diagnostic_v2,nudge_0p001_plus,layergain_beta_div1,42,0.001,twomoons,2000,0.2,0.1,"[128, 64]",32,6,15,0.05,0.001,tanh,True,1.0
nudge_0p01_plus,nudge_0.01,plus,beta_div2,2.0,False,False,2025,twomoons,2000,0.1,"[128, 64]",32,6,15,0.05,0.001,0.001,tanh,cuda,10.96715601393953,-11.108468214670816,0.0311723260933326,0.0,11.0979954401652,0.0311723260933326,0.0,0.0704234633594751,269.5417463678548,0.5232800940672556,117.64151255289714,0.4877031445503235,0.9393175840377808,7.804687185026101,0.99072594443957,117.64151255289714,15.07347615559896,117.64151255289714,0.4877031445503235,15.07347615559896,0.5975431601206461,0.6984257499376932,0.0003181397914886,0.0002670188744862,0.0152277052402496,0.0006419320901234,0.1069067617257436,0.0045936206976572,0.0004859566688537,2.473592758178711e-05,0.0147668818632761,0.0006060202916463,2.5,1.0,1.0,1.0,1.0,1.0,1,_workspace_ThreeQ_dplus_fix_diagnostic_v2,nudge_0p01_plus,beta_div2,2025,0.001,twomoons,2000,0.2,0.1,"[128, 64]",32,6,15,0.05,0.001,tanh,True,1.0
gradual_100_0p01_plus,gradual_clamp_100_0.01,plus,resnorm_beta_div2,2.0,True,False,2025,twomoons,2000,0.1,"[128, 64]",32,6,15,0.05,0.001,0.001,tanh,cuda,13.934714953880755,-19.15572579701741,0.1226684935390949,0.0,7559687.0,0.1226684935390949,0.0,0.0667832704881827,57781558.5285281,0.5459521015485128,25333204.666666668,0.4877031445503235,0.8476399580637614,516475.7260511194,0.9819650053977966,25333204.666666668,49.07707150777181,25333204.666666668,0.4877031445503235,49.07707150777181,0.5975431601206461,0.6984257499376932,0.0003181397914886,0.0002670188744862,0.054438312848409,0.0021708607673645,0.1089718341827392,-2626.3103633125625,0.0004798372586568,2.3523966471354168e-05,0.0463503897190094,0.0018525421619415,2.5,1.0,1.0,1.0,1.0,1.0,1,_workspace_ThreeQ_dplus_fix_diagnostic_v2,gradual_100_0p01_plus,resnorm_beta_div2,2025,0.001,twomoons,2000,0.2,0.1,"[128, 64]",32,6,15,0.05,0.001,tanh,True,1.0
gradual_100_0p01_plus,gradual_clamp_100_0.01,plus,resnorm_beta_div1,1.0,True,False,2025,twomoons,2000,0.1,"[128, 64]",32,6,15,0.05,0.001,0.001,tanh,cuda,13.689009595196694,-19.15572579701741,0.1226684935390949,0.0,75596.869140625,0.1226684935390949,0.0,0.0667832673837741,577815.5806851777,0.5459521015485128,253332.046875,0.4877031445503235,0.8476399779319763,5164.757266589369,0.9819650053977966,253332.046875,49.07707150777181,253332.046875,0.4877031445503235,49.07707150777181,0.5975431601206461,0.6984257499376932,0.0003181397914886,0.0002670188744862,0.054438312848409,0.0021708607673645,0.108679582675298,-6.675194362799327,0.0004798372586568,2.3523966471354168e-05,0.0463503797849019,0.001852532227834,2.5,1.0,1.0,1.0,1.0,1.0,1,_workspace_ThreeQ_dplus_fix_diagnostic_v2,gradual_100_0p01_plus,resnorm_beta_div1,2025,0.001,twomoons,2000,0.2,0.1,"[128, 64]",32,6,15,0.05,0.001,tanh,True,1.0
nudge_0p01_plus,nudge_0.01,plus,resnorm_beta_div2,2.0,True,False,7,twomoons,2000,0.1,"[128, 64]",32,6,15,0.05,0.001,0.001,tanh,cuda,10.542544523254035,-7.343447208404541,0.0277714618455825,0.0,250038.4505208333,0.0277714618455825,0.0,0.0732497038940588,6183391.502553161,0.5120106240113577,3325430.6666666665,0.5768370380004247,0.9216669201850892,241806.3064353662,0.9904408752918245,3325430.6666666665,13.767380714416504,3325430.6666666665,0.5768370380004247,13.767380714416504,0.5047348340352377,0.6594669421513876,0.0003110269705454,0.0003535151481628,0.0121415654818216,0.0006340642770131,0.0255564749240875,-696.1021882295609,0.0005243271589279,2.961357434590657e-05,0.0123310387134552,0.0006262759367624,2.5,1.0,1.0,1.0,1.0,1.0,1,_workspace_ThreeQ_dplus_fix_diagnostic_v2,nudge_0p01_plus,resnorm_beta_div2,7,0.001,twomoons,2000,0.2,0.1,"[128, 64]",32,6,15,0.05,0.001,tanh,True,1.0
nudge_0p001_plus,nudge_0.001,plus,layergain_beta_div1,1.0,False,True,7,twomoons,2000,0.1,"[128, 64]",32,6,15,0.05,0.001,0.001,tanh,cuda,11.015311372932048,-121.82942326863606,0.0048275296058919,0.0,0.1794450556238492,0.0048275296058919,0.0,-0.0009015575051307,1.870323314520026,0.500931183497111,1.014728436867396,0.5768370380004247,0.4469884783029556,0.0178554564389887,0.9909159739812216,1.014728436867396,56.89727783203125,1.014728436867396,0.5768370380004247,56.89727783203125,0.5047348340352377,0.6594669421513876,0.0003110269705454,0.0003535151481628,0.0127075413862864,0.0003856619199117,0.0008381158113479,-2.1457672119140625e-06,0.0004781534274419,-2.5232632954915366e-06,0.0447016904751459,-0.0002063711484273,2.5,1.0,1.0,1.0,1.0,1.0,1,_workspace_ThreeQ_dplus_fix_diagnostic_v2,nudge_0p001_plus,layergain_beta_div1,7,0.001,twomoons,2000,0.2,0.1,"[128, 64]",32,6,15,0.05,0.001,tanh,True,1.0
nudge_0p001_plus,nudge_0.001,plus,resnorm_beta_div1,1.0,True,False,42,twomoons,2000,0.1,"[128, 64]",32,6,15,0.05,0.001,0.001,tanh,cuda,11.855604165233672,-111.4766133626302,0.0049991852914293,0.0,621.3825480143229,0.0049991852914293,0.0,0.0513209967563549,144963.20138167808,0.4829152276118596,46958.81119791666,0.3339143047730128,0.4964708238840103,858.2868229964762,0.9880463480949402,46958.81119791666,55.03717803955078,46958.81119791666,0.3339143047730128,55.03717803955078,0.4525083204110463,0.6512693762779236,0.000102753440539,0.0001147389411926,0.0092164973417917,0.0002779165903727,-0.0294006913900375,-0.0249660412470499,0.00026070078214,6.089607874552409e-06,0.040990799665451,0.0009539028008778,2.5,0.0,1.0,1.0,1.0,1.0,1,_workspace_ThreeQ_dplus_fix_diagnostic_v2,nudge_0p001_plus,resnorm_beta_div1,42,0.001,twomoons,2000,0.2,0.1,"[128, 64]",32,6,15,0.05,0.001,tanh,True,1.0
gradual_100_0p01_plus,gradual_clamp_100_0.01,plus,raw,0.0,False,False,42,twomoons,2000,0.1,"[128, 64]",32,6,15,0.05,0.001,0.001,tanh,cuda,13.29377265414223,-15.94718106587728,0.1057403186957041,0.0,0.0114437557446459,0.1057403186957041,0.0,0.065073059250911,0.1034349208318917,0.5060433149337769,0.0334507270405689,0.3339143047730128,0.8565528392791748,0.0007081610406415,0.98380841811498,0.0334507270405689,47.25321833292643,0.0334507270405689,0.3339143047730128,47.25321833292643,0.4525083204110463,0.6512693762779236,0.000102753440539,0.0001147389411926,0.0346808383862177,0.0009761949380238,2.6633342107137043e-05,6.953875223795573e-07,0.0002660304307937,7.828076680501303e-06,0.036228393514951,0.001049667596817,2.5,1.0,1.0,1.0,1.0,1.0,1,_workspace_ThreeQ_dplus_fix_diagnostic_v2,gradual_100_0p01_plus,raw,42,0.001,twomoons,2000,0.2,0.1,"[128, 64]",32,6,15,0.05,0.001,tanh,True,1.0
nudge_0p001_plus,nudge_0.001,plus,resnorm_beta_div2,2.0,True,False,7,twomoons,2000,0.1,"[128, 64]",32,6,15,0.05,0.001,0.001,tanh,cuda,13.07264664163813,-121.82942326863606,0.0048275296058919,0.0,339673.4375,0.0048275296058919,0.0,-0.000558393386503,59657094.70158846,0.500931183497111,31939650.33333333,0.5768370380004247,0.4128738492727279,562344.5414901305,0.9909159739812216,31939650.33333333,56.89727783203125,31939650.33333333,0.5768370380004247,56.89727783203125,0.5047348340352377,0.6594669421513876,0.0003110269705454,0.0003535151481628,0.0127075413862864,0.0003856619199117,0.0087036788463592,-11223.544634620348,0.0004785557587941,-2.294778823852539e-06,0.044795552889506,-0.0001890063285827,2.5,0.6666666666666666,1.0,1.0,1.0,1.0,1,_workspace_ThreeQ_dplus_fix_diagnostic_v2,nudge_0p001_plus,resnorm_beta_div2,7,0.001,twomoons,2000,0.2,0.1,"[128, 64]",32,6,15,0.05,0.001,tanh,True,1.0
gradual_100_0p01_plus,gradual_clamp_100_0.01,plus,beta_div2,2.0,False,False,2025,twomoons,2000,0.1,"[128, 64]",32,6,15,0.05,0.001,0.001,tanh,cuda,13.634626945015045,-19.15572579701741,0.1226684935390949,0.0,120.57679748535156,0.1226684935390949,0.0,0.0670247226953506,788.245690571228,0.5459521015485128,343.59743245442706,0.4877031445503235,0.847825696070989,7.00165169161122,0.9819650053977966,343.59743245442706,49.07707150777181,343.59743245442706,0.4877031445503235,49.07707150777181,0.5975431601206461,0.6984257499376932,0.0003181397914886,0.0002670188744862,0.054438312848409,0.0021708607673645,0.2580726196368535,0.0119369824727376,0.0004821221033732,2.361337343851725e-05,0.0465557177861531,0.0018596748510996,2.5,1.0,1.0,1.0,1.0,1.0,1,_workspace_ThreeQ_dplus_fix_diagnostic_v2,gradual_100_0p01_plus,beta_div2,2025,0.001,twomoons,2000,0.2,0.1,"[128, 64]",32,6,15,0.05,0.001,tanh,True,1.0
nudge_0p001_plus,nudge_0.001,plus,beta_div1,1.0,False,False,42,twomoons,2000,0.1,"[128, 64]",32,6,15,0.05,0.001,0.001,tanh,cuda,12.17180851008743,-111.4766133626302,0.0049991852914293,0.0,0.0534177968899408,0.0049991852914293,0.0,0.0516179936627546,5.190863257173999,0.4829152276118596,1.6778027613957722,0.3339143047730128,0.4228943039973576,0.0305534853480283,0.9880463480949402,1.6778027613957722,55.03717803955078,1.6778027613957722,0.3339143047730128,55.03717803955078,0.4525083204110463,0.6512693762779236,0.000102753440539,0.0001147389411926,0.0092164973417917,0.0002779165903727,0.0013320644696553,2.953410148620605e-05,0.0002654840548833,6.159146626790364e-06,0.0417973349491755,0.0009663899739583,2.5,1.0,1.0,1.0,1.0,1.0,1,_workspace_ThreeQ_dplus_fix_diagnostic_v2,nudge_0p001_plus,beta_div1,42,0.001,twomoons,2000,0.2,0.1,"[128, 64]",32,6,15,0.05,0.001,tanh,True,1.0
nudge_0p001_plus,nudge_0.001,plus,beta_div1,1.0,False,False,2025,twomoons,2000,0.1,"[128, 64]",32,6,15,0.05,0.001,0.001,tanh,cuda,11.316869725938886,-120.47653706868488,0.0064307988181503,0.0,0.0632044213513533,0.0064307988181503,0.0,0.0600344059057533,3.68988649634106,0.5201444129149119,1.6085491975148518,0.4877031445503235,0.4032783359289169,0.0286376509251812,0.991771161556244,1.6085491975148518,56.176191329956055,1.6085491975148518,0.4877031445503235,56.176191329956055,0.5975431601206461,0.6984257499376932,0.0003181397914886,0.0002670188744862,0.02272230386734,0.0012798408667246,0.0015895863374074,5.971391995747884e-05,0.0004860858122507,2.4179617563883465e-05,0.0532928605874379,0.0020340283711751,2.5,1.0,1.0,1.0,1.0,1.0,1,_workspace_ThreeQ_dplus_fix_diagnostic_v2,nudge_0p001_plus,beta_div1,2025,0.001,twomoons,2000,0.2,0.1,"[128, 64]",32,6,15,0.05,0.001,tanh,True,1.0
nudge_0p001_plus,nudge_0.001,plus,beta_div2,2.0,False,False,2025,twomoons,2000,0.1,"[128, 64]",32,6,15,0.05,0.001,0.001,tanh,cuda,12.865296456962824,-120.47653706868488,0.0064307988181503,0.0,63.2044251759847,0.0064307988181503,0.0,0.0600344122697909,3689.8868329108304,0.5201444129149119,1608.549336751302,0.4877031445503235,0.4032783508300781,28.63765334658495,0.991771161556244,1608.549336751302,56.176191329956055,1608.549336751302,0.4877031445503235,56.176191329956055,0.5975431601206461,0.6984257499376932,0.0003181397914886,0.0002670188744862,0.02272230386734,0.0012798408667246,0.1478305409351984,0.0164012908935546,0.0004860858122507,2.4179617563883465e-05,0.0532928804556528,0.0020340283711751,2.5,1.0,1.0,1.0,1.0,1.0,1,_workspace_ThreeQ_dplus_fix_diagnostic_v2,nudge_0p001_plus,beta_div2,2025,0.001,twomoons,2000,0.2,0.1,"[128, 64]",32,6,15,0.05,0.001,tanh,True,1.0
nudge_0p001_plus,nudge_0.001,plus,layergain_beta_div1,1.0,False,True,2025,twomoons,2000,0.1,"[128, 64]",32,6,15,0.05,0.001,0.001,tanh,cuda,11.576312345918268,-120.47653706868488,0.0064307988181503,0.0,0.1458298911650975,0.0064307988181503,0.0,0.0609031609880427,3.7243923647850448,0.5201444129149119,1.6235798001289368,0.4877031445503235,0.4794442405303319,0.0289051604556543,0.991771161556244,1.6235798001289368,56.176191329956055,1.6235798001289368,0.4877031445503235,56.176191329956055,0.5975431601206461,0.6984257499376932,0.0003181397914886,0.0002670188744862,0.02272230386734,0.0012798408667246,0.0015988647937774,6.142258644104004e-05,0.0004847049713134,2.4696191151936848e-05,0.0530269145965576,0.002066026131312,2.5,1.0,1.0,1.0,1.0,1.0,1,_workspace_ThreeQ_dplus_fix_diagnostic_v2,nudge_0p001_plus,layergain_beta_div1,2025,0.001,twomoons,2000,0.2,0.1,"[128, 64]",32,6,15,0.05,0.001,tanh,True,1.0
nudge_0p001_plus,nudge_0.001,plus,resnorm_beta_div1,1.0,True,False,7,twomoons,2000,0.1,"[128, 64]",32,6,15,0.05,0.001,0.001,tanh,cuda,10.14338016230613,-121.82942326863606,0.0048275296058919,0.0,339.6734161376953,0.0048275296058919,0.0,-0.0005583918342987,59657.08955348818,0.500931183497111,31939.6474609375,0.5768370380004247,0.4128738592068354,562.3444917688531,0.9909159739812216,31939.6474609375,56.89727783203125,31939.6474609375,0.5768370380004247,56.89727783203125,0.5047348340352377,0.6594669421513876,0.0003110269705454,0.0003535151481628,0.0127075413862864,0.0003856619199117,0.019803429643313,-0.3163678546746571,0.0004785557587941,-2.294778823852539e-06,0.0447955479224522,-0.0001890063285827,2.5,1.0,1.0,1.0,1.0,1.0,1,_workspace_ThreeQ_dplus_fix_diagnostic_v2,nudge_0p001_plus,resnorm_beta_div1,7,0.001,twomoons,2000,0.2,0.1,"[128, 64]",32,6,15,0.05,0.001,tanh,True,1.0
gradual_100_0p01_plus,gradual_clamp_100_0.01,plus,beta_div1,1.0,False,False,7,twomoons,2000,0.1,"[128, 64]",32,6,15,0.05,0.001,0.001,tanh,cuda,12.915158507879823,-15.565713246663412,0.111338284642746,0.0,1.0965757171312969,0.111338284642746,0.0,0.0604458463688691,6.2870700687972345,0.53892054160436,3.4259066184361777,0.5768370380004247,0.8353060980637869,0.0688607484533668,0.9835233489672344,3.4259066184361777,49.75770886739095,3.4259066184361777,0.5768370380004247,49.75770886739095,0.5047348340352377,0.6594669421513876,0.0003110269705454,0.0003535151481628,0.0430035640796025,0.0021977325280507,0.0030535906553268,0.0001306732495625,0.0005176862080891,2.5113423665364586e-05,0.0428232749303182,0.0018763542175292,2.5,1.0,1.0,1.0,1.0,1.0,1,_workspace_ThreeQ_dplus_fix_diagnostic_v2,gradual_100_0p01_plus,beta_div1,7,0.001,twomoons,2000,0.2,0.1,"[128, 64]",32,6,15,0.05,0.001,tanh,True,1.0
nudge_0p001_plus,nudge_0.001,plus,resnorm_beta_div1,1.0,True,False,2025,twomoons,2000,0.1,"[128, 64]",32,6,15,0.05,0.001,0.001,tanh,cuda,10.67206932976842,-120.47653706868488,0.0064307988181503,0.0,1281.4869181315105,0.0064307988181503,0.0,0.05944252681608,269906.7008180245,0.5201444129149119,118377.015625,0.4877031445503235,0.3998063206672668,2109.897751573771,0.991771161556244,118377.015625,56.176191329956055,118377.015625,0.4877031445503235,56.176191329956055,0.5975431601206461,0.6984257499376932,0.0003181397914886,0.0002670188744862,0.02272230386734,0.0012798408667246,0.1120882680018742,-3.338702658812205,0.0004835625489552,2.3931264877319336e-05,0.0530312756697336,0.0020139018694559,2.5,1.0,1.0,1.0,1.0,1.0,1,_workspace_ThreeQ_dplus_fix_diagnostic_v2,nudge_0p001_plus,resnorm_beta_div1,2025,0.001,twomoons,2000,0.2,0.1,"[128, 64]",32,6,15,0.05,0.001,tanh,True,1.0
gradual_100_0p01_plus,gradual_clamp_100_0.01,plus,resnorm_beta_div2,2.0,True,False,42,twomoons,2000,0.1,"[128, 64]",32,6,15,0.05,0.001,0.001,tanh,cuda,13.784024388995022,-15.94718106587728,0.1057403186957041,0.0,2846646.833333333,0.1057403186957041,0.0,0.0652330859253804,28673281.25215784,0.5060433149337769,9294401.416666666,0.3339143047730128,0.867902676264445,197070.5403051412,0.98380841811498,9294401.416666666,47.25321833292643,9294401.416666666,0.3339143047730128,47.25321833292643,0.4525083204110463,0.6512693762779236,0.000102753440539,0.0001147389411926,0.0346808383862177,0.0009761949380238,-0.0293394376834233,-564.1584891279539,0.0002661496400833,7.847944895426432e-06,0.0362299382686615,0.0010508994261423,2.5,0.0,1.0,1.0,1.0,1.0,1,_workspace_ThreeQ_dplus_fix_diagnostic_v2,gradual_100_0p01_plus,resnorm_beta_div2,42,0.001,twomoons,2000,0.2,0.1,"[128, 64]",32,6,15,0.05,0.001,tanh,True,1.0
nudge_0p01_plus,nudge_0.01,plus,beta_div1,1.0,False,False,7,twomoons,2000,0.1,"[128, 64]",32,6,15,0.05,0.001,0.001,tanh,cuda,11.055367990396917,-7.343447208404541,0.0277714618455825,0.0,0.0891767914096514,0.0277714618455825,0.0,0.0730162238081296,1.9206398525566009,0.5120106240113577,1.0475399096806843,0.5768370380004247,0.9176954527695974,0.076092318254645,0.9904408752918245,1.0475399096806843,13.767380714416504,1.0475399096806843,0.5768370380004247,13.767380714416504,0.5047348340352377,0.6594669421513876,0.0003110269705454,0.0003535151481628,0.0121415654818216,0.0006340642770131,0.0009477237860361,4.766384760538737e-05,0.0005245705445607,2.953410148620605e-05,0.0123377492030461,0.0006241798400878,2.5,1.0,1.0,1.0,1.0,1.0,1,_workspace_ThreeQ_dplus_fix_diagnostic_v2,nudge_0p01_plus,beta_div1,7,0.001,twomoons,2000,0.2,0.1,"[128, 64]",32,6,15,0.05,0.001,tanh,True,1.0
gradual_100_0p01_plus,gradual_clamp_100_0.01,plus,resnorm_beta_div2,2.0,True,False,7,twomoons,2000,0.1,"[128, 64]",32,6,15,0.05,0.001,0.001,tanh,cuda,12.27831347566098,-15.565713246663412,0.111338284642746,0.0,2861578.6666666665,0.111338284642746,0.0,0.0610606521368026,20249020.58068346,0.53892054160436,10880510.5,0.5768370380004247,0.8439718584219614,218867.0075397629,0.9835233489672344,10880510.5,49.75770886739095,10880510.5,0.5768370380004247,49.75770886739095,0.5047348340352377,0.6594669421513876,0.0003110269705454,0.0003535151481628,0.0430035640796025,0.0021977325280507,0.0194811820983886,-2168.723182797432,0.0005188037951787,2.5351842244466145e-05,0.0428945670525232,0.0018953680992126,2.5,1.0,1.0,1.0,1.0,1.0,1,_workspace_ThreeQ_dplus_fix_diagnostic_v2,gradual_100_0p01_plus,resnorm_beta_div2,7,0.001,twomoons,2000,0.2,0.1,"[128, 64]",32,6,15,0.05,0.001,tanh,True,1.0
nudge_0p001_plus,nudge_0.001,plus,beta_div2,2.0,False,False,42,twomoons,2000,0.1,"[128, 64]",32,6,15,0.05,0.001,0.001,tanh,cuda,13.109424288850278,-111.4766133626302,0.0049991852914293,0.0,53.41780026753744,0.0049991852914293,0.0,0.0516179886957009,5190.86380095504,0.4829152276118596,1677.8029378255208,0.3339143047730128,0.4228943039973576,30.55348856046496,0.9880463480949402,1677.8029378255208,55.03717803955078,1677.8029378255208,0.3339143047730128,55.03717803955078,0.4525083204110463,0.6512693762779236,0.000102753440539,0.0001147389411926,0.0092164973417917,0.0002779165903727,-0.0340550740559895,0.0202103952566782,0.0002654840548833,6.159146626790364e-06,0.0417973299821217,0.0009663899739583,2.5,0.0,1.0,1.0,1.0,1.0,1,_workspace_ThreeQ_dplus_fix_diagnostic_v2,nudge_0p001_plus,beta_div2,42,0.001,twomoons,2000,0.2,0.1,"[128, 64]",32,6,15,0.05,0.001,tanh,True,1.0
nudge_0p001_plus,nudge_0.001,plus,raw,0.0,False,False,7,twomoons,2000,0.1,"[128, 64]",32,6,15,0.05,0.001,0.001,tanh,cuda,11.162550983950496,-121.82942326863606,0.0048275296058919,0.0,6.712826264750522e-05,0.0048275296058919,0.0,-0.0027075336935619,0.0018216715249451,0.500931183497111,0.0009881038567982,0.5768370380004247,0.314914345741272,1.7388177749622103e-05,0.9909159739812216,0.0009881038567982,56.89727783203125,0.0009881038567982,0.5768370380004247,56.89727783203125,0.5047348340352377,0.6594669421513876,0.0003110269705454,0.0003535151481628,0.0127075413862864,0.0003856619199117,8.195638656616211e-07,-9.934107462565104e-09,0.0004865527153015,-3.337860107421875e-06,0.0455596248308817,-0.0002832810084025,2.5,1.0,1.0,1.0,1.0,1.0,1,_workspace_ThreeQ_dplus_fix_diagnostic_v2,nudge_0p001_plus,raw,7,0.001,twomoons,2000,0.2,0.1,"[128, 64]",32,6,15,0.05,0.001,tanh,True,1.0
nudge_0p01_plus,nudge_0.01,plus,layergain_beta_div1,1.0,False,True,7,twomoons,2000,0.1,"[128, 64]",32,6,15,0.05,0.001,0.001,tanh,cuda,10.83661049278453,-7.343447208404541,0.0277714618455825,0.0,0.1004154694577058,0.0277714618455825,0.0,0.0732556382815043,1.9211145241336984,0.5120106240113577,1.0477982362111409,0.5768370380004247,0.9231612384319304,0.076111071042579,0.9904408752918245,1.0477982362111409,13.767380714416504,1.0477982362111409,0.5768370380004247,13.767380714416504,0.5047348340352377,0.6594669421513876,0.0003110269705454,0.0003535151481628,0.0121415654818216,0.0006340642770131,0.0009491095940272,4.780292510986328e-05,0.0005252261956532,2.962350845336914e-05,0.0123519996802012,0.0006261467933654,2.5,1.0,1.0,1.0,1.0,1.0,1,_workspace_ThreeQ_dplus_fix_diagnostic_v2,nudge_0p01_plus,layergain_beta_div1,7,0.001,twomoons,2000,0.2,0.1,"[128, 64]",32,6,15,0.05,0.001,tanh,True,1.0
nudge_0p001_plus,nudge_0.001,plus,resnorm_layergain_beta_div1,1.0,True,True,42,twomoons,2000,0.1,"[128, 64]",32,6,15,0.05,0.001,0.001,tanh,cuda,12.121593301184475,-111.4766133626302,0.0049991852914293,0.0,850.5042215983073,0.0049991852914293,0.0,0.048661317055424,154550.20570985452,0.4829152276118596,50027.4375,0.3339143047730128,0.6575587292512258,914.254037658072,0.9880463480949402,50027.4375,55.03717803955078,50027.4375,0.3339143047730128,55.03717803955078,0.4525083204110463,0.6512693762779236,0.000102753440539,0.0001147389411926,0.0092164973417917,0.0002779165903727,-0.0275000234444936,-0.9348881443341572,0.0002388159434,5.672375361124675e-06,0.037484938899676,0.0008864104747772,2.5,0.0,1.0,1.0,1.0,1.0,1,_workspace_ThreeQ_dplus_fix_diagnostic_v2,nudge_0p001_plus,resnorm_layergain_beta_div1,42,0.001,twomoons,2000,0.2,0.1,"[128, 64]",32,6,15,0.05,0.001,tanh,True,1.0
nudge_0p01_plus,nudge_0.01,plus,resnorm_layergain_beta_div1,1.0,True,True,7,twomoons,2000,0.1,"[128, 64]",32,6,15,0.05,0.001,0.001,tanh,cuda,11.073118003085256,-7.343447208404541,0.0277714618455825,0.0,2523.3924153645835,0.0277714618455825,0.0,0.073915347456932,61901.78458608082,0.5120106240113577,33291.632161458336,0.5768370380004247,0.9329676230748496,2420.7733961264416,0.9904408752918245,33291.632161458336,13.767380714416504,33291.632161458336,0.5768370380004247,13.767380714416504,0.5047348340352377,0.6594669421513876,0.0003110269705454,0.0003535151481628,0.0121415654818216,0.0006340642770131,0.0155789256095886,-0.6430957938234011,0.0005244513352711,2.9911597569783528e-05,0.0123314062754313,0.0006322463353474,2.5,0.8333333333333334,1.0,1.0,1.0,1.0,1,_workspace_ThreeQ_dplus_fix_diagnostic_v2,nudge_0p01_plus,resnorm_layergain_beta_div1,7,0.001,twomoons,2000,0.2,0.1,"[128, 64]",32,6,15,0.05,0.001,tanh,True,1.0
gradual_100_0p01_plus,gradual_clamp_100_0.01,plus,layergain_beta_div1,1.0,False,True,42,twomoons,2000,0.1,"[128, 64]",32,6,15,0.05,0.001,0.001,tanh,cuda,14.249778883066028,-15.94718106587728,0.1057403186957041,0.0,1.301557143529256,0.1057403186957041,0.0,0.0652915139993031,10.348496456169052,0.5060433149337769,3.3466975688934326,0.3339143047730128,0.8664694329102834,0.0708504143621579,0.98380841811498,3.3466975688934326,47.25321833292643,3.3466975688934326,0.3339143047730128,47.25321833292643,0.4525083204110463,0.6512693762779236,0.000102753440539,0.0001147389411926,0.0346808383862177,0.0009761949380238,0.0026659220457077,7.497270901997884e-05,0.0002667754888534,7.877747217814127e-06,0.0363182971874872,0.0010525286197662,2.5,1.0,1.0,1.0,1.0,1.0,1,_workspace_ThreeQ_dplus_fix_diagnostic_v2,gradual_100_0p01_plus,layergain_beta_div1,42,0.001,twomoons,2000,0.2,0.1,"[128, 64]",32,6,15,0.05,0.001,tanh,True,1.0
nudge_0p01_plus,nudge_0.01,plus,resnorm_layergain_beta_div1,1.0,True,True,2025,twomoons,2000,0.1,"[128, 64]",32,6,15,0.05,0.001,0.001,tanh,cuda,10.432391170877963,-11.108468214670816,0.0311723260933326,0.0,7409.80029296875,0.0311723260933326,0.0,0.0704461348553498,197678.21045892927,0.5232800940672556,86781.89713541667,0.4877031445503235,0.9434025983015696,5758.582996338841,0.99072594443957,86781.89713541667,15.07347615559896,86781.89713541667,0.4877031445503235,15.07347615559896,0.5975431601206461,0.6984257499376932,0.0003181397914886,0.0002670188744862,0.0152277052402496,0.0006419320901234,0.1109955608844757,-2.521438697973887,0.0004853904247283,2.477566401163737e-05,0.0147479971249898,0.0006064673264821,2.5,1.0,1.0,1.0,1.0,1.0,1,_workspace_ThreeQ_dplus_fix_diagnostic_v2,nudge_0p01_plus,resnorm_layergain_beta_div1,2025,0.001,twomoons,2000,0.2,0.1,"[128, 64]",32,6,15,0.05,0.001,tanh,True,1.0
nudge_0p01_plus,nudge_0.01,plus,resnorm_beta_div1,1.0,True,False,7,twomoons,2000,0.1,"[128, 64]",32,6,15,0.05,0.001,0.001,tanh,cuda,13.018619088921696,-7.343447208404541,0.0277714618455825,0.0,2500.384521484375,0.0277714618455825,0.0,0.0732497001687685,61833.916786255664,0.5120106240113577,33254.3076171875,0.5768370380004247,0.921666900316874,2418.0631339690667,0.9904408752918245,33254.3076171875,13.767380714416504,33254.3076171875,0.5768370380004247,13.767380714416504,0.5047348340352377,0.6594669421513876,0.0003110269705454,0.0003535151481628,0.0121415654818216,0.0006340642770131,0.015163908402125,-1.0800044288237889,0.0005243271589279,2.961357434590657e-05,0.0123310387134552,0.0006262759367624,2.5,0.8333333333333334,1.0,1.0,1.0,1.0,1,_workspace_ThreeQ_dplus_fix_diagnostic_v2,nudge_0p01_plus,resnorm_beta_div1,7,0.001,twomoons,2000,0.2,0.1,"[128, 64]",32,6,15,0.05,0.001,tanh,True,1.0
nudge_0p001_plus,nudge_0.001,plus,raw,0.0,False,False,2025,twomoons,2000,0.1,"[128, 64]",32,6,15,0.05,0.001,0.001,tanh,cuda,12.75794157385826,-120.47653706868488,0.0064307988181503,0.0,6.320442419867807e-05,0.0064307988181503,0.0,0.0600344091653823,0.0036898869684247,0.5201444129149119,0.0016085494038028,0.4877031445503235,0.4032783309618632,2.863765458645341e-05,0.991771161556244,0.0016085494038028,56.176191329956055,0.0016085494038028,0.4877031445503235,56.176191329956055,0.5975431601206461,0.6984257499376932,0.0003181397914886,0.0002670188744862,0.02272230386734,0.0012798408667246,1.5695889790852864e-06,4.967053731282552e-08,0.0004860858122507,2.4179617563883465e-05,0.0532928605874379,0.0020340283711751,2.5,1.0,1.0,1.0,1.0,1.0,1,_workspace_ThreeQ_dplus_fix_diagnostic_v2,nudge_0p001_plus,raw,2025,0.001,twomoons,2000,0.2,0.1,"[128, 64]",32,6,15,0.05,0.001,tanh,True,1.0
nudge_0p001_plus,nudge_0.001,plus,resnorm_beta_div2,2.0,True,False,2025,twomoons,2000,0.1,"[128, 64]",32,6,15,0.05,0.001,0.001,tanh,cuda,12.596786219626663,-120.47653706868488,0.0064307988181503,0.0,1281487.0,0.0064307988181503,0.0,0.0594425258847574,269906728.1271986,0.5201444129149119,118377028.0,0.4877031445503235,0.3998063007990519,2109897.971965694,0.991771161556244,118377028.0,56.176191329956055,118377028.0,0.4877031445503235,56.176191329956055,0.5975431601206461,0.6984257499376932,0.0003181397914886,0.0002670188744862,0.02272230386734,0.0012798408667246,0.0975431601206461,-26639.54734247923,0.0004835625489552,2.3931264877319336e-05,0.0530312756697336,0.0020139118035634,2.5,1.0,1.0,1.0,1.0,1.0,1,_workspace_ThreeQ_dplus_fix_diagnostic_v2,nudge_0p001_plus,resnorm_beta_div2,2025,0.001,twomoons,2000,0.2,0.1,"[128, 64]",32,6,15,0.05,0.001,tanh,True,1.0
gradual_100_0p01_plus,gradual_clamp_100_0.01,plus,beta_div2,2.0,False,False,42,twomoons,2000,0.1,"[128, 64]",32,6,15,0.05,0.001,0.001,tanh,cuda,13.604730560909957,-15.94718106587728,0.1057403186957041,0.0,114.43755849202472,0.1057403186957041,0.0,0.065073059250911,1034.3492519794002,0.5060433149337769,334.5072835286458,0.3339143047730128,0.8565528293450674,7.08161069206431,0.98380841811498,334.5072835286458,47.25321833292643,334.5072835286458,0.3339143047730128,47.25321833292643,0.4525083204110463,0.6512693762779236,0.000102753440539,0.0001147389411926,0.0346808383862177,0.0009761949380238,0.1959716777006785,0.0070768594741821,0.0002660304307937,7.828076680501303e-06,0.036228393514951,0.001049667596817,2.5,1.0,1.0,1.0,1.0,1.0,1,_workspace_ThreeQ_dplus_fix_diagnostic_v2,gradual_100_0p01_plus,beta_div2,42,0.001,twomoons,2000,0.2,0.1,"[128, 64]",32,6,15,0.05,0.001,tanh,True,1.0
nudge_0p01_plus,nudge_0.01,plus,beta_div2,2.0,False,False,7,twomoons,2000,0.1,"[128, 64]",32,6,15,0.05,0.001,0.001,tanh,cuda,12.083984900265932,-7.343447208404541,0.0277714618455825,0.0,8.91767946879069,0.0277714618455825,0.0,0.0730162269125382,192.06397908077403,0.5120106240113577,104.7539889017741,0.5768370380004247,0.9176954726378124,7.609231664706445,0.9904408752918245,104.7539889017741,13.767380714416504,104.7539889017741,0.5768370380004247,13.767380714416504,0.5047348340352377,0.6594669421513876,0.0003110269705454,0.0003535151481628,0.0121415654818216,0.0006340642770131,0.0874712665875752,0.0046544969081878,0.0005245606104532,2.953410148620605e-05,0.0123377492030461,0.0006241798400878,2.5,1.0,1.0,1.0,1.0,1.0,1,_workspace_ThreeQ_dplus_fix_diagnostic_v2,nudge_0p01_plus,beta_div2,7,0.001,twomoons,2000,0.2,0.1,"[128, 64]",32,6,15,0.05,0.001,tanh,True,1.0
gradual_100_0p01_plus,gradual_clamp_100_0.01,plus,raw,0.0,False,False,7,twomoons,2000,0.1,"[128, 64]",32,6,15,0.05,0.001,0.001,tanh,cuda,13.602696313057097,-15.565713246663412,0.111338284642746,0.0,0.0109657570719718,0.111338284642746,0.0,0.0604458469897508,0.0628706971535478,0.53892054160436,0.0342590647439161,0.5768370380004247,0.8353061079978943,0.0006886074549067,0.9835233489672344,0.0342590647439161,49.75770886739095,0.0342590647439161,0.5768370380004247,49.75770886739095,0.5047348340352377,0.6594669421513876,0.0003110269705454,0.0003535151481628,0.0430035640796025,0.0021977325280507,3.0587116877237953e-05,1.3113021850585938e-06,0.0005176862080891,2.5113423665364586e-05,0.0428232749303182,0.0018763542175292,2.5,1.0,1.0,1.0,1.0,1.0,1,_workspace_ThreeQ_dplus_fix_diagnostic_v2,gradual_100_0p01_plus,raw,7,0.001,twomoons,2000,0.2,0.1,"[128, 64]",32,6,15,0.05,0.001,tanh,True,1.0
nudge_0p001_plus,nudge_0.001,plus,resnorm_beta_div2,2.0,True,False,42,twomoons,2000,0.1,"[128, 64]",32,6,15,0.05,0.001,0.001,tanh,cuda,11.285270703025162,-111.4766133626302,0.0049991852914293,0.0,621382.5729166666,0.0049991852914293,0.0,0.0513210004816452,144963218.7449027,0.4829152276118596,46958816.66666666,0.3339143047730128,0.4964708536863327,858286.9228745088,0.9880463480949402,46958816.66666666,55.03717803955078,46958816.66666666,0.3339143047730128,55.03717803955078,0.4525083204110463,0.6512693762779236,0.000102753440539,0.0001147389411926,0.0092164973417917,0.0002779165903727,-0.03836157421271,-2995.2731691002846,0.00026070078214,6.089607874552409e-06,0.0409908046325047,0.0009539127349853,2.5,0.0,1.0,1.0,1.0,1.0,1,_workspace_ThreeQ_dplus_fix_diagnostic_v2,nudge_0p001_plus,resnorm_beta_div2,42,0.001,twomoons,2000,0.2,0.1,"[128, 64]",32,6,15,0.05,0.001,tanh,True,1.0
gradual_100_0p01_plus,gradual_clamp_100_0.01,plus,resnorm_beta_div1,1.0,True,False,7,twomoons,2000,0.1,"[128, 64]",32,6,15,0.05,0.001,0.001,tanh,cuda,11.730635530781,-15.565713246663412,0.111338284642746,0.0,28615.78645833333,0.111338284642746,0.0,0.0610606496532758,202490.2050911805,0.53892054160436,108805.10416666669,0.5768370380004247,0.8439718584219614,2188.670057812245,0.9835233489672344,108805.10416666669,49.75770886739095,108805.10416666669,0.5768370380004247,49.75770886739095,0.5047348340352377,0.6594669421513876,0.0003110269705454,0.0003535151481628,0.0430035640796025,0.0021977325280507,0.0136147240797678,-2.5273911158243814,0.0005188037951787,2.5351842244466145e-05,0.0428945620854695,0.0018953680992126,2.5,0.6666666666666666,1.0,1.0,1.0,1.0,1,_workspace_ThreeQ_dplus_fix_diagnostic_v2,gradual_100_0p01_plus,resnorm_beta_div1,7,0.001,twomoons,2000,0.2,0.1,"[128, 64]",32,6,15,0.05,0.001,tanh,True,1.0
nudge_0p01_plus,nudge_0.01,plus,layergain_beta_div1,1.0,False,True,2025,twomoons,2000,0.1,"[128, 64]",32,6,15,0.05,0.001,0.001,tanh,cuda,12.902147594839334,-11.108468214670816,0.0311723260933326,0.0,0.1192396332820256,0.0311723260933326,0.0,0.0706591016302506,2.6958962584969863,0.5232800940672556,1.176623523235321,0.4877031445503235,0.943291982014974,0.0780606931635754,0.99072594443957,1.176623523235321,15.07347615559896,1.176623523235321,0.4877031445503235,15.07347615559896,0.5975431601206461,0.6984257499376932,0.0003181397914886,0.0002670188744862,0.0152277052402496,0.0006419320901234,0.0011662244796752,4.770358403523763e-05,0.0004868805408477,2.483526865641276e-05,0.0147926410039265,0.0006085038185119,2.5,1.0,1.0,1.0,1.0,1.0,1,_workspace_ThreeQ_dplus_fix_diagnostic_v2,nudge_0p01_plus,layergain_beta_div1,2025,0.001,twomoons,2000,0.2,0.1,"[128, 64]",32,6,15,0.05,0.001,tanh,True,1.0
nudge_0p01_plus,nudge_0.01,plus,resnorm_beta_div1,1.0,True,False,2025,twomoons,2000,0.1,"[128, 64]",32,6,15,0.05,0.001,0.001,tanh,cuda,10.359936310909688,-11.108468214670816,0.0311723260933326,0.0,7386.59521484375,0.0311723260933326,0.0,0.0703198574483394,197637.3325863524,0.5232800940672556,86764.51822916667,0.4877031445503235,0.93913667400678,5757.429062334554,0.99072594443957,86764.51822916667,15.07347615559896,86764.51822916667,0.4877031445503235,15.07347615559896,0.5975431601206461,0.6984257499376932,0.0003181397914886,0.0002670188744862,0.0152277052402496,0.0006419320901234,0.1099640081326166,-4.749180242419243,0.0004849731922149,2.4686257044474285e-05,0.0147382616996765,0.0006050368150075,2.5,1.0,1.0,1.0,1.0,1.0,1,_workspace_ThreeQ_dplus_fix_diagnostic_v2,nudge_0p01_plus,resnorm_beta_div1,2025,0.001,twomoons,2000,0.2,0.1,"[128, 64]",32,6,15,0.05,0.001,tanh,True,1.0
gradual_100_0p01_plus,gradual_clamp_100_0.01,plus,layergain_beta_div1,1.0,False,True,7,twomoons,2000,0.1,"[128, 64]",32,6,15,0.05,0.001,0.001,tanh,cuda,11.43315090192482,-15.565713246663412,0.111338284642746,0.0,1.387699286142985,0.111338284642746,0.0,0.0612449254840612,6.290598631153465,0.53892054160436,3.427827835083008,0.5768370380004247,0.8468453387419382,0.0688993330103423,0.9835233489672344,3.427827835083008,49.75770886739095,3.427827835083008,0.5768370380004247,49.75770886739095,0.5047348340352377,0.6594669421513876,0.0003110269705454,0.0003535151481628,0.0430035640796025,0.0021977325280507,0.0030721674362818,0.000132401784261,0.0005205919345219,2.540151278177897e-05,0.0430394361416498,0.0018996596336364,2.5,1.0,1.0,1.0,1.0,1.0,1,_workspace_ThreeQ_dplus_fix_diagnostic_v2,gradual_100_0p01_plus,layergain_beta_div1,7,0.001,twomoons,2000,0.2,0.1,"[128, 64]",32,6,15,0.05,0.001,tanh,True,1.0
gradual_100_0p01_plus,gradual_clamp_100_0.01,plus,raw,0.0,False,False,2025,twomoons,2000,0.1,"[128, 64]",32,6,15,0.05,0.001,0.001,tanh,cuda,12.50013632606715,-19.15572579701741,0.1226684935390949,0.0,0.0120576797053217,0.1226684935390949,0.0,0.0670247282832861,0.0788245658436973,0.5459521015485128,0.0343597419559955,0.4877031445503235,0.8478257159392039,0.0007001651422345,0.9819650053977966,0.0343597419559955,49.07707150777181,0.0343597419559955,0.4877031445503235,49.07707150777181,0.5975431601206461,0.6984257499376932,0.0003181397914886,0.0002670188744862,0.054438312848409,0.0021708607673645,3.37064266204834e-05,1.3113021850585938e-06,0.0004821221033732,2.361337343851725e-05,0.0465557177861531,0.0018596748510996,2.5,1.0,1.0,1.0,1.0,1.0,1,_workspace_ThreeQ_dplus_fix_diagnostic_v2,gradual_100_0p01_plus,raw,2025,0.001,twomoons,2000,0.2,0.1,"[128, 64]",32,6,15,0.05,0.001,tanh,True,1.0
nudge_0p001_plus,nudge_0.001,plus,raw,0.0,False,False,42,twomoons,2000,0.1,"[128, 64]",32,6,15,0.05,0.001,0.001,tanh,cuda,12.565468864981083,-111.4766133626302,0.0049991852914293,0.0,5.341780039695247e-05,0.0049991852914293,0.0,0.0516179899374643,0.0051908638200906,0.4829152276118596,0.0016778029385022,0.3339143047730128,0.4228942990303039,3.0553488610552094e-05,0.9880463480949402,0.0016778029385022,55.03717803955078,0.0016778029385022,0.3339143047730128,55.03717803955078,0.4525083204110463,0.6512693762779236,0.000102753440539,0.0001147389411926,0.0092164973417917,0.0002779165903727,1.3262033462524414e-06,0.0,0.0002654840548833,6.159146626790364e-06,0.0417973299821217,0.0009663899739583,2.5,1.0,1.0,1.0,1.0,1.0,1,_workspace_ThreeQ_dplus_fix_diagnostic_v2,nudge_0p001_plus,raw,42,0.001,twomoons,2000,0.2,0.1,"[128, 64]",32,6,15,0.05,0.001,tanh,True,1.0
gradual_100_0p01_plus,gradual_clamp_100_0.01,plus,beta_div1,1.0,False,False,2025,twomoons,2000,0.1,"[128, 64]",32,6,15,0.05,0.001,0.001,tanh,cuda,12.07567491894588,-19.15572579701741,0.1226684935390949,0.0,1.2057679891586304,0.1226684935390949,0.0,0.0670247307668129,7.882457218923252,0.5459521015485128,3.4359744787216187,0.4877031445503235,0.847825696070989,0.0700165200654715,0.9819650053977966,3.4359744787216187,49.07707150777181,3.4359744787216187,0.4877031445503235,49.07707150777181,0.5975431601206461,0.6984257499376932,0.0003181397914886,0.0002670188744862,0.054438312848409,0.0021708607673645,0.0033669968446095,0.0001317858695983,0.0004821221033732,2.361337343851725e-05,0.0465557177861531,0.0018596748510996,2.5,1.0,1.0,1.0,1.0,1.0,1,_workspace_ThreeQ_dplus_fix_diagnostic_v2,gradual_100_0p01_plus,beta_div1,2025,0.001,twomoons,2000,0.2,0.1,"[128, 64]",32,6,15,0.05,0.001,tanh,True,1.0
nudge_0p01_plus,nudge_0.01,plus,resnorm_beta_div2,2.0,True,False,2025,twomoons,2000,0.1,"[128, 64]",32,6,15,0.05,0.001,0.001,tanh,cuda,9.851376792881638,-11.108468214670816,0.0311723260933326,0.0,738659.5208333334,0.0311723260933326,0.0,0.0703198543439308,19763734.075059697,0.5232800940672556,8676452.083333334,0.4877031445503235,0.93913663427035,575742.9237527543,0.99072594443957,8676452.083333334,15.07347615559896,8676452.083333334,0.4877031445503235,15.07347615559896,0.5975431601206461,0.6984257499376932,0.0003181397914886,0.0002670188744862,0.0152277052402496,0.0006419320901234,0.1017712702353795,-1317.470209300518,0.0004849731922149,2.4686257044474285e-05,0.0147382616996765,0.0006050368150075,2.5,1.0,1.0,1.0,1.0,1.0,1,_workspace_ThreeQ_dplus_fix_diagnostic_v2,nudge_0p01_plus,resnorm_beta_div2,2025,0.001,twomoons,2000,0.2,0.1,"[128, 64]",32,6,15,0.05,0.001,tanh,True,1.0
gradual_100_0p01_plus,gradual_clamp_100_0.01,plus,resnorm_layergain_beta_div1,1.0,True,True,2025,twomoons,2000,0.1,"[128, 64]",32,6,15,0.05,0.001,0.001,tanh,cuda,12.265890130773188,-19.15572579701741,0.1226684935390949,0.0,76232.59375,0.1226684935390949,0.0,0.0672832901279131,578187.8438561261,0.5459521015485128,253490.4921875,0.4877031445503235,0.8593823413054148,5167.987092657677,0.9819650053977966,253490.4921875,49.07707150777181,253490.4921875,0.4877031445503235,49.07707150777181,0.5975431601206461,0.6984257499376932,0.0003181397914886,0.0002670188744862,0.054438312848409,0.0021708607673645,0.1151449034611384,-2.7201898843050003,0.0004835526148478,2.37425168355306e-05,0.0466813147068023,0.001868188381195,2.5,1.0,1.0,1.0,1.0,1.0,1,_workspace_ThreeQ_dplus_fix_diagnostic_v2,gradual_100_0p01_plus,resnorm_layergain_beta_div1,2025,0.001,twomoons,2000,0.2,0.1,"[128, 64]",32,6,15,0.05,0.001,tanh,True,1.0
nudge_0p01_plus,nudge_0.01,plus,beta_div1,1.0,False,False,2025,twomoons,2000,0.1,"[128, 64]",32,6,15,0.05,0.001,0.001,tanh,cuda,10.907467348966748,-11.108468214670816,0.0311723260933326,0.0,0.1109799531598885,0.0311723260933326,0.0,0.0704234683265288,2.695417420350154,0.5232800940672556,1.1764151056607564,0.4877031445503235,0.9393176237742106,0.078046870550727,0.99072594443957,1.1764151056607564,15.07347615559896,1.1764151056607564,0.4877031445503235,15.07347615559896,0.5975431601206461,0.6984257499376932,0.0003181397914886,0.0002670188744862,0.0152277052402496,0.0006419320901234,0.0011638899644215,4.74850336710612e-05,0.0004859566688537,2.473592758178711e-05,0.0147668818632761,0.0006060202916463,2.5,1.0,1.0,1.0,1.0,1.0,1,_workspace_ThreeQ_dplus_fix_diagnostic_v2,nudge_0p01_plus,beta_div1,2025,0.001,twomoons,2000,0.2,0.1,"[128, 64]",32,6,15,0.05,0.001,tanh,True,1.0
gradual_100_0p01_plus,gradual_clamp_100_0.01,plus,beta_div2,2.0,False,False,7,twomoons,2000,0.1,"[128, 64]",32,6,15,0.05,0.001,0.001,tanh,cuda,11.99744426831603,-15.565713246663412,0.111338284642746,0.0,109.6575698852539,0.111338284642746,0.0,0.0604458426435788,628.7070108420055,0.53892054160436,342.5906677246094,0.5768370380004247,0.8353060682614645,6.886074962813932,0.9835233489672344,342.5906677246094,49.75770886739095,342.5906677246094,0.5768370380004247,49.75770886739095,0.5047348340352377,0.6594669421513876,0.0003110269705454,0.0003535151481628,0.0430035640796025,0.0021977325280507,0.2290228207906087,0.0120190779368082,0.0005176862080891,2.5113423665364586e-05,0.0428232798973719,0.0018763641516367,2.5,1.0,1.0,1.0,1.0,1.0,1,_workspace_ThreeQ_dplus_fix_diagnostic_v2,gradual_100_0p01_plus,beta_div2,7,0.001,twomoons,2000,0.2,0.1,"[128, 64]",32,6,15,0.05,0.001,tanh,True,1.0
nudge_0p01_plus,nudge_0.01,plus,raw,0.0,False,False,7,twomoons,2000,0.1,"[128, 64]",32,6,15,0.05,0.001,0.001,tanh,cuda,11.35800530295819,-7.343447208404541,0.0277714618455825,0.0,0.0008917679272902,0.0277714618455825,0.0,0.0730162244290113,0.019206397334354,0.5120106240113577,0.0104753985069692,0.5768370380004247,0.9176954726378124,0.0007609231391881,0.9904408752918245,0.0104753985069692,13.767380714416504,0.0104753985069692,0.5768370380004247,13.767380714416504,0.5047348340352377,0.6594669421513876,0.0003110269705454,0.0003535151481628,0.0121415654818216,0.0006340642770131,9.45727030436198e-06,4.669030507405599e-07,0.0005245705445607,2.953410148620605e-05,0.0123377492030461,0.0006241798400878,2.5,1.0,1.0,1.0,1.0,1.0,1,_workspace_ThreeQ_dplus_fix_diagnostic_v2,nudge_0p01_plus,raw,7,0.001,twomoons,2000,0.2,0.1,"[128, 64]",32,6,15,0.05,0.001,tanh,True,1.0
gradual_100_0p01_plus,gradual_clamp_100_0.01,plus,beta_div1,1.0,False,False,42,twomoons,2000,0.1,"[128, 64]",32,6,15,0.05,0.001,0.001,tanh,cuda,14.245714687742293,-15.94718106587728,0.1057403186957041,0.0,1.1443755427996318,0.1057403186957041,0.0,0.0650730542838573,10.343492705229234,0.5060433149337769,3.3450729052225747,0.3339143047730128,0.8565528194109598,0.0708161083678404,0.98380841811498,3.3450729052225747,47.25321833292643,3.3450729052225747,0.3339143047730128,47.25321833292643,0.4525083204110463,0.6512693762779236,0.000102753440539,0.0001147389411926,0.0346808383862177,0.0009761949380238,0.0026571949323018,7.469455401102702e-05,0.0002660304307937,7.828076680501303e-06,0.036228393514951,0.0010496775309244,2.5,1.0,1.0,1.0,1.0,1.0,1,_workspace_ThreeQ_dplus_fix_diagnostic_v2,gradual_100_0p01_plus,beta_div1,42,0.001,twomoons,2000,0.2,0.1,"[128, 64]",32,6,15,0.05,0.001,tanh,True,1.0
gradual_100_0p01_plus,gradual_clamp_100_0.01,plus,resnorm_layergain_beta_div1,1.0,True,True,7,twomoons,2000,0.1,"[128, 64]",32,6,15,0.05,0.001,0.001,tanh,cuda,11.606787705793977,-15.565713246663412,0.111338284642746,0.0,29251.064453125,0.111338284642746,0.0,0.0627818318704764,203031.33055994217,0.53892054160436,109103.03776041669,0.5768370380004247,0.8686039845148722,2194.6567944852777,0.9835233489672344,109103.03776041669,49.75770886739095,109103.03776041669,0.5768370380004247,49.75770886739095,0.5047348340352377,0.6594669421513876,0.0003110269705454,0.0003535151481628,0.0430035640796025,0.0021977325280507,0.0235618700583775,-11.230919003486632,0.0005221366882324,2.611676851908366e-05,0.0431241989135742,0.0019479791323343,2.5,1.0,1.0,1.0,1.0,1.0,1,_workspace_ThreeQ_dplus_fix_diagnostic_v2,gradual_100_0p01_plus,resnorm_layergain_beta_div1,7,0.001,twomoons,2000,0.2,0.1,"[128, 64]",32,6,15,0.05,0.001,tanh,True,1.0
gradual_100_0p01_plus,gradual_clamp_100_0.01,plus,resnorm_beta_div1,1.0,True,False,42,twomoons,2000,0.1,"[128, 64]",32,6,15,0.05,0.001,0.001,tanh,cuda,13.622210735920817,-15.94718106587728,0.1057403186957041,0.0,28466.4677734375,0.1057403186957041,0.0,0.0652330865462621,286732.8183620199,0.5060433149337769,92944.01692708331,0.3339143047730128,0.8679026663303375,1970.7054574623744,0.98380841811498,92944.01692708331,47.25321833292643,92944.01692708331,0.3339143047730128,47.25321833292643,0.4525083204110463,0.6512693762779236,0.000102753440539,0.0001147389411926,0.0346808383862177,0.0009761949380238,-0.0369038681189219,-0.4154374202092488,0.0002661496400833,7.847944895426432e-06,0.0362299382686615,0.0010508894920349,2.5,0.0,1.0,1.0,1.0,1.0,1,_workspace_ThreeQ_dplus_fix_diagnostic_v2,gradual_100_0p01_plus,resnorm_beta_div1,42,0.001,twomoons,2000,0.2,0.1,"[128, 64]",32,6,15,0.05,0.001,tanh,True,1.0
gradual_100_0p01_plus,gradual_clamp_100_0.01,plus,layergain_beta_div1,1.0,False,True,2025,twomoons,2000,0.1,"[128, 64]",32,6,15,0.05,0.001,0.001,tanh,cuda,13.739988175220788,-19.15572579701741,0.1226684935390949,0.0,1.407462219397227,0.1226684935390949,0.0,0.0677645094692707,7.886500363889493,0.5459521015485128,3.437739610671997,0.4877031445503235,0.8583859701951345,0.0700524720839815,0.9819650053977966,3.437739610671997,49.07707150777181,3.437739610671997,0.4877031445503235,49.07707150777181,0.5975431601206461,0.6984257499376932,0.0003181397914886,0.0002670188744862,0.054438312848409,0.0021708607673645,0.003406544526418,0.0001334846019744,0.0004875659942626,2.392133076985677e-05,0.0470492740472157,0.0018821954727172,2.5,1.0,1.0,1.0,1.0,1.0,1,_workspace_ThreeQ_dplus_fix_diagnostic_v2,gradual_100_0p01_plus,layergain_beta_div1,2025,0.001,twomoons,2000,0.2,0.1,"[128, 64]",32,6,15,0.05,0.001,tanh,True,1.0
