epoch,family,objective,saturation,seed,state_delta,test_cost,test_energy,test_error,test_saturation,train_cost,train_energy,train_error,variant,weight_abs_mean,weight_update_rel_mean
0.0,bp_mlp,,,42,,0.3629635125398636,,0.109375,,0.5297271166067974,,0.1480891719745223,bp_mlp_500_adam,,
1.0,bp_mlp,,,42,,0.3184883678331971,,0.091796875,,0.2804250441918707,,0.08578821656050956,bp_mlp_500_adam,,
2.0,bp_mlp,,,42,,0.2923125154338777,,0.08935546875,,0.2281918705791045,,0.06817277070063694,bp_mlp_500_adam,,
3.0,bp_mlp,,,42,,0.2559033802244812,,0.07763671875,,0.18730107925025521,,0.058817675159235666,bp_mlp_500_adam,,
4.0,bp_mlp,,,42,,0.23958067083731294,,0.076171875,,0.1563953816605981,,0.044785031847133755,bp_mlp_500_adam,,
5.0,bp_mlp,,,42,,0.21567315817810595,,0.06640625,,0.1259087081168108,,0.038913216560509556,bp_mlp_500_adam,,
6.0,bp_mlp,,,42,,0.2132600685581565,,0.068359375,,0.10407027954556,,0.03095143312101911,bp_mlp_500_adam,,
7.0,bp_mlp,,,42,,0.20727862080093473,,0.060546875,,0.08455888360477747,,0.024781050955414014,bp_mlp_500_adam,,
8.0,bp_mlp,,,42,,0.21277495264075696,,0.06201171875,,0.06715611963989629,,0.01721735668789809,bp_mlp_500_adam,,
9.0,bp_mlp,,,42,,0.21102194563718513,,0.05859375,,0.05428089896086485,,0.013634554140127389,bp_mlp_500_adam,,
10.0,bp_mlp,,,42,,0.19841503829229623,,0.05859375,,0.043131095986030286,,0.009554140127388535,bp_mlp_500_adam,,
11.0,bp_mlp,,,42,,0.21317387965973467,,0.06640625,,0.034057179038786585,,0.0064689490445859876,bp_mlp_500_adam,,
0.0,dthreeq,-135.8383544144357,0.00023124297489696477,2025,0.015437610987217942,0.0826250568497926,53.37492525577545,0.4970703125,9.861366421568626e-05,0.11486410947552153,58.87107074032923,0.6873009554140127,dthreeq_ep_nudge0p01_lr1e3,0.029806270758518234,212.73920384668497
1.0,dthreeq,-123.01232890718302,6.634819532908694e-05,2025,0.01290612482869179,0.07402827218174934,51.12351632118225,0.42333984375,3.7339154411764695e-05,0.0804082716631282,52.13668879126288,0.48138933121019106,dthreeq_ep_nudge0p01_lr1e3,0.03317459694860254,0.0032053888834568
2.0,dthreeq,-110.9283058506668,2.6734419882602695e-05,2025,0.012163924063692332,0.06999459839425981,49.08431947231293,0.3740234375,1.3403799019607843e-05,0.07389798603809564,50.03207956301938,0.42008359872611467,dthreeq_ep_nudge0p01_lr1e3,0.03544654921186601,0.002787041254783524
3.0,dthreeq,-101.46528596331359,5.463969027101287e-06,2025,0.011656782664002696,0.06511401629541069,46.81813955307007,0.3193359375,9.574142156862745e-07,0.06900483293897787,47.76776455921732,0.3691281847133758,dthreeq_ep_nudge0p01_lr1e3,0.03775590971396987,0.0024856486377117285
4.0,dthreeq,-95.10618562151672,1.5611340077432246e-06,2025,0.011301312510333481,0.0628523740451783,44.99887704849243,0.29638671875,9.574142156862745e-07,0.06525213392392086,45.597826234853954,0.32633359872611467,dthreeq_ep_nudge0p01_lr1e3,0.04000641495377941,0.002273778249110775
5.0,dthreeq,-90.50121914808918,3.3174097664543526e-06,2025,0.011044189010622206,0.06073558866046369,43.981136322021484,0.279296875,2.8722426470588235e-06,0.06264134717120487,44.23022101335465,0.30125398089171973,dthreeq_ep_nudge0p01_lr1e3,0.04173578043352623,0.002161912458296357
6.0,dthreeq,-86.94619585754006,3.5125515174222555e-06,2025,0.0108516323543302,0.05920067382976413,43.313639640808105,0.263671875,1.914828431372549e-06,0.06068707463942516,43.446142087316815,0.28204617834394907,dthreeq_ep_nudge0p01_lr1e3,0.0427546021565617,0.0020738538423079565
7.0,dthreeq,-84.10049244097084,5.463969027101287e-06,2025,0.010682267605499098,0.05838111031334847,42.49759340286255,0.26513671875,1.914828431372549e-06,0.05881161930834412,42.76770102142528,0.2685111464968153,dthreeq_ep_nudge0p01_lr1e3,0.04350169147083026,0.002013491149105806
8.0,dthreeq,-81.38643495596139,1.1318221556138369e-05,2025,0.010535419911181756,0.0567960636690259,41.62842106819153,0.248046875,7.659313725490196e-06,0.0572963437172258,41.89235225604598,0.25766321656050956,dthreeq_ep_nudge0p01_lr1e3,0.04452990385878736,0.0019112056503882468
9.0,dthreeq,-78.70259133114178,1.7367615836143367e-05,2025,0.010399973642075091,0.056704509537667036,40.80311453342438,0.251953125,1.4361213235294117e-05,0.05654184664985177,41.03455056354498,0.24791003184713375,dthreeq_ep_nudge0p01_lr1e3,0.04560430123912657,0.0017839066899571247
10.0,dthreeq,-76.42281647700413,2.2246159610340932e-05,2025,0.010298891527619758,0.058475433150306344,40.02937996387482,0.26318359375,2.4892769607843137e-05,0.05671134441616429,40.26496843471649,0.245421974522293,dthreeq_ep_nudge0p01_lr1e3,0.04655708497164735,0.0017364051758044074
11.0,dthreeq,-74.33711981317799,3.336923941551139e-05,2025,0.010218607599158908,0.06003063987009227,39.57995080947876,0.2783203125,2.776501225490196e-05,0.05765553962463026,39.662534677298964,0.24920382165605096,dthreeq_ep_nudge0p01_lr1e3,0.04727082603439024,0.0016566804887916745
0.0,dthreeq,-16.79834013531922,0.0008418415136755325,42,0.08744103027282248,0.0905230927746743,73.59280228614807,0.51123046875,0.0002900965073529411,0.11996125671893927,79.79958970379677,0.7104896496815286,dthreeq_ep_nudge0p1_lr1e3,0.02511769197491964,126.65131595687154
1.0,dthreeq,-14.750209492482957,0.00018675065567628292,42,0.07265956919776738,0.07392745930701494,61.42984163761139,0.3740234375,0.00015605851715686273,0.08094741722011263,65.86420239005119,0.4465565286624204,dthreeq_ep_nudge0p1_lr1e3,0.02764325499516811,0.003044257960019662
2.0,dthreeq,-11.67350477473751,0.0001637239290620704,42,0.06692084857221146,0.06659684353508055,58.448747992515564,0.31591796875,0.00018190870098039216,0.06948674795259337,59.123149021415955,0.3541003184713376,dthreeq_ep_nudge0p1_lr1e3,0.029649526601921244,0.001608339953817315
3.0,dthreeq,-11.211222751884703,0.0001750421506182087,42,0.06373916809064496,0.06222946709021926,57.45970022678375,0.2861328125,0.00018478094362745103,0.06361382497344048,57.42973884047976,0.3004578025477707,dthreeq_ep_nudge0p1_lr1e3,0.03089271286935516,0.0012329623933250526
4.0,dthreeq,-11.28466660809365,0.00017172474085175443,42,0.06160780007114551,0.05939111451152712,56.8800528049469,0.26953125,0.00018669577205882352,0.060044450198958634,56.71626954777226,0.2708001592356688,dthreeq_ep_nudge0p1_lr1e3,0.03180438201210112,0.0010804326758675476
5.0,dthreeq,-11.455448903855245,0.00016352878731110246,42,0.060094961972171616,0.05735643929801881,56.399505257606506,0.24755859375,0.0001771216299019608,0.05754739670142247,56.21748500265134,0.24960191082802546,dthreeq_ep_nudge0p1_lr1e3,0.03256528697623189,0.000997759067612414
6.0,dthreeq,-11.578921421318297,0.00015260084925689988,42,0.058894665426853454,0.05592923914082348,55.96323120594025,0.24267578125,0.00016754748774509804,0.05570703775734658,55.73874331431784,0.23377786624203822,dthreeq_ep_nudge0p1_lr1e3,0.03326295207515596,0.0009228713978048914
7.0,dthreeq,-11.655487254926353,0.00014440489571624805,42,0.05795096140948071,0.05470011057332158,55.550429463386536,0.236328125,0.00014648437499999997,0.054314375944008494,55.346591657893676,0.22243232484076433,dthreeq_ep_nudge0p1_lr1e3,0.03392209950982812,0.0008690738971585959
8.0,dthreeq,-11.615489789634752,0.00013113525665043067,42,0.0572050678199691,0.053813157370314,55.16239845752716,0.22705078125,0.00013308057598039217,0.05335364972425115,54.8713959614942,0.21626194267515925,dthreeq_ep_nudge0p1_lr1e3,0.03456866033716353,0.0008125854145129278
9.0,dthreeq,-11.55601209895626,0.00011708505058074159,42,0.05654633717736004,0.05314938607625663,54.79873287677765,0.22021484375,0.00011967677696078431,0.05242497153627645,54.52456395337536,0.20720541401273884,dthreeq_ep_nudge0p1_lr1e3,0.03516466987384542,0.0007678686505656014
10.0,dthreeq,-11.415795976189292,0.00010596197077557117,42,0.05597663649645557,0.052522918209433556,54.50310564041138,0.2138671875,0.00011010263480392154,0.05173796790230806,54.156681328062795,0.2044187898089172,dthreeq_ep_nudge0p1_lr1e3,0.03576257491594026,0.0007395976979604307
11.0,dthreeq,-11.31795943922298,9.75708754839514e-05,42,0.055532958689234725,0.052057894063182175,54.221975684165955,0.2109375,0.00010052849264705883,0.05114712478343848,53.85219471925383,0.19655652866242038,dthreeq_ep_nudge0p1_lr1e3,0.036300600640576594,0.0006856420525356315
0.0,dthreeq,0.03458615116015741,0.002533330211065317,2025,0.19614431351441058,0.2732476466335356,84.14357113838196,0.91064453125,0.002438534007352942,0.2763239473673948,83.66328702307051,0.9273487261146497,dthreeq_dplus_direct_lr1e3,0.022152861285791615,0.36158728493549314
1.0,dthreeq,0.033617263292051426,0.0024839593480704384,2025,0.19296434428172102,0.26530653703957796,84.11373043060303,0.91064453125,0.0023925781250000006,0.2686516717550861,83.65369736009343,0.9249601910828026,dthreeq_dplus_direct_lr1e3,0.022232663527208266,0.0021653475083793197
2.0,dthreeq,0.032643969497008686,0.002433027351067815,2025,0.18984296356007505,0.25771442195400596,84.08508396148682,0.90869140625,0.0023351332720588243,0.2608936290452435,83.72533975589047,0.9212778662420382,dthreeq_dplus_direct_lr1e3,0.022309018240285954,0.0012722823762127196
3.0,dthreeq,0.031742462959543916,0.0023955601348819777,2025,0.18683317476945815,0.2504796562716365,84.05755043029785,0.90771484375,0.0022843903186274515,0.25375395130579637,83.6015247417863,0.9195859872611465,dthreeq_dplus_direct_lr1e3,0.02238353965863828,0.0008983211967773374
4.0,dthreeq,0.03085691398780817,0.002358873485700013,2025,0.18388361018892543,0.2436120491474867,84.0313606262207,0.904296875,0.0022527956495098046,0.24670293471615784,83.57663163106153,0.9167993630573248,dthreeq_dplus_direct_lr1e3,0.022454887931399246,0.0006927618355627375
5.0,dthreeq,0.030044693108292143,0.0023255042462845005,2025,0.18119088369925881,0.23709829524159431,84.00640034675598,0.90283203125,0.0022173713235294126,0.24025133498914683,83.5551692209426,0.9141122611464968,dthreeq_dplus_direct_lr1e3,0.022524177353464375,0.0005624621750474343
6.0,dthreeq,0.02928317545847908,0.0022962329836393146,2025,0.1786060367383146,0.2309439037926495,83.98266410827637,0.9013671875,0.002186734068627451,0.23421544700291505,83.51906911278986,0.9124203821656051,dthreeq_dplus_direct_lr1e3,0.022590625544572408,0.0004714090068195515
7.0,dthreeq,0.028548650633377633,0.002268327713250904,2025,0.17614042953362652,0.2251167339272797,83.96015048027039,0.90087890625,0.002154181985294118,0.22835680386822693,83.54229401023525,0.9104299363057324,dthreeq_dplus_direct_lr1e3,0.022655122773693737,0.00040536659200411147
8.0,dthreeq,0.02788532057860095,0.002248813538154114,2025,0.17383425729200955,0.21965664438903332,83.93891167640686,0.90087890625,0.002136948529411765,0.223096976709214,83.48790940205762,0.9101313694267515,dthreeq_dplus_direct_lr1e3,0.022717057760749,0.0003542564615834226
9.0,dthreeq,0.027226654611005905,0.002229104221306355,2025,0.1715620634714023,0.21453284053131938,83.91895961761475,0.8994140625,0.0021187576593137258,0.21784489492701878,83.49080623942575,0.9076433121019108,dthreeq_dplus_direct_lr1e3,0.02277634639857276,0.0003136496129802584
10.0,dthreeq,0.026624853301579786,0.002213883164730859,2025,0.1694536921405085,0.20973672671243548,83.90032005310059,0.89794921875,0.0021043964460784317,0.21305503387739705,83.48102851430322,0.9059514331210191,dthreeq_dplus_direct_lr1e3,0.022833542313407947,0.00028168587889162695
11.0,dthreeq,0.02607336781539355,0.002201784376170848,2025,0.16747574983194327,0.20524037070572376,83.88284611701965,0.89501953125,0.00209195006127451,0.20866267696307722,83.42898690776461,0.904359076433121,dthreeq_dplus_direct_lr1e3,0.022888947853377552,0.00025503795755611367
0.0,dthreeq,-139.7006939930521,0.00022187617085050538,42,0.015076175848894107,0.08462022547610104,54.3380446434021,0.5,0.00010531556372549017,0.11009043013783777,59.9211474619094,0.6678941082802548,dthreeq_ep_nudge0p01_lr1e3,0.029100314754715865,220.5863251950298
1.0,dthreeq,-121.78044167293865,5.268827276133376e-05,42,0.012702607404393185,0.07587946765124798,51.74262094497681,0.44189453125,2.3935355392156862e-05,0.07935694472235479,52.511373653533354,0.4773089171974522,dthreeq_ep_nudge0p01_lr1e3,0.03329098267127777,0.0032589719497252033
2.0,dthreeq,-109.4067251606352,1.3464780816785303e-05,42,0.01187303628265312,0.06928849825635552,49.81325602531433,0.3720703125,2.8722426470588235e-06,0.07165734555311264,50.31036459564403,0.398984872611465,dthreeq_ep_nudge0p01_lr1e3,0.03554948818333044,0.002643721043552082
3.0,dthreeq,-102.50430744924363,4.683402023229674e-06,42,0.011332760358104708,0.06532740383408964,47.41698348522186,0.3173828125,4.7870710784313725e-06,0.06636577628695281,48.09192450942507,0.33449442675159236,dthreeq_ep_nudge0p01_lr1e3,0.037091328850710044,0.002433629006503263
4.0,dthreeq,-96.98816044315411,4.488260272261771e-06,42,0.010990819818144487,0.062288146233186126,45.60093808174133,0.29052734375,6.7018995098039215e-06,0.06297635538562847,45.9590806900316,0.30085589171974525,dthreeq_ep_nudge0p01_lr1e3,0.038022410258751624,0.002335934984564781
5.0,dthreeq,-92.36593307203547,3.3174097664543526e-06,42,0.010759845054945701,0.06041815166827291,44.55800378322601,0.28125,6.7018995098039215e-06,0.060222706810873786,44.616869932526996,0.27428343949044587,dthreeq_ep_nudge0p01_lr1e3,0.03888503901859164,0.00228082642875453
6.0,dthreeq,-87.75135453339595,2.341701011614837e-06,42,0.010560287428118147,0.058628103928640485,43.72036397457123,0.26611328125,2.8722426470588235e-06,0.05817278462705339,43.654611113724435,0.2604498407643312,dthreeq_ep_nudge0p01_lr1e3,0.040121650171264484,0.0021846023233734833
7.0,dthreeq,-84.27551901264555,2.53684276258274e-06,42,0.010412552090699839,0.05792109703179449,42.74576413631439,0.26318359375,5.744485294117647e-06,0.056949739718133476,42.78798296497126,0.24890525477707007,dthreeq_ep_nudge0p01_lr1e3,0.041474319961823665,0.002102232156644505
8.0,dthreeq,-81.09523146319542,3.5125515174222555e-06,42,0.010275875872956102,0.057629498885944486,41.84295678138733,0.25927734375,5.744485294117647e-06,0.05653382254064463,41.76441940987945,0.24502388535031847,dthreeq_ep_nudge0p01_lr1e3,0.0428961903378842,0.0019450972284666005
9.0,dthreeq,-78.38718632983554,4.488260272261771e-06,42,0.010171928239102434,0.05822549550794065,41.33621346950531,0.2666015625,8.61672794117647e-06,0.0562410143435381,41.114539541256654,0.24303343949044587,dthreeq_ep_nudge0p01_lr1e3,0.04420745173531472,0.0017981891085907962
10.0,dthreeq,-76.47035197847208,4.293118521293868e-06,42,0.01009100165135067,0.05706977192312479,40.87163305282593,0.2568359375,9.574142156862745e-06,0.05581351428939279,40.62501652225567,0.24273487261146498,dthreeq_ep_nudge0p01_lr1e3,0.045222369095334294,0.0016969520948782659
11.0,dthreeq,-75.02582088397567,4.878543774197577e-06,42,0.0100348374493432,0.05869372084271163,40.33483183383942,0.26904296875,9.574142156862745e-06,0.05550308618101345,40.145222244748645,0.23905254777070065,dthreeq_ep_nudge0p01_lr1e3,0.045948878239846204,0.0016262908518342371
0.0,dthreeq,-159.44196363315461,0.00047087704508554947,2025,0.017865435212144665,0.11557790287770331,56.70093500614166,0.744140625,0.0001206341911764706,0.15444231280096019,67.46715927124023,0.8482285031847133,dthreeq_ep_nudge0p01_lr3e4,0.02674448249186394,63.83431673002666
1.0,dthreeq,-123.88740831119999,0.0001299644061446232,2025,0.014962113906546335,0.09362207958474755,54.80317735671997,0.59765625,0.00010914522058823531,0.10605424784930648,55.64888173000068,0.6853105095541401,dthreeq_ep_nudge0p01_lr3e4,0.030378151370603946,0.0014181272363321064
2.0,dthreeq,-127.46745786241665,0.00010518140377169957,2025,0.013970940818737267,0.08474579802714288,53.71515476703644,0.5234375,9.957107843137257e-05,0.09156986724609023,54.34871775633211,0.5715565286624203,dthreeq_ep_nudge0p01_lr3e4,0.03136817532054677,0.0011610121779123993
3.0,dthreeq,-127.43127421968302,9.230204820781801e-05,2025,0.013395309861257055,0.08009886555373669,52.79950976371765,0.4716796875,8.712469362745096e-05,0.08509050043904857,53.227555609053105,0.5161226114649682,dthreeq_ep_nudge0p01_lr3e4,0.03209636565357162,0.001073684290009381
4.0,dthreeq,-125.1656865405429,7.591014112651416e-05,2025,0.013030165603983507,0.07749467203393579,52.09201967716217,0.45361328125,6.223192401960783e-05,0.08139645797052202,52.367510412908665,0.48716162420382164,dthreeq_ep_nudge0p01_lr3e4,0.0327258059587389,0.0010103754792867264
5.0,dthreeq,-121.48259876032544,6.34210690645684e-05,2025,0.012741258326372143,0.07540163840167224,51.47941756248474,0.4375,5.0742953431372545e-05,0.0789857709388824,51.668031364489515,0.46875,dthreeq_ep_nudge0p01_lr3e4,0.0333801454458101,0.0009455466059928182
6.0,dthreeq,-117.48773854249602,5.034657174971893e-05,2025,0.012490125600646019,0.07354058022610843,50.91430151462555,0.41552734375,3.925398284313725e-05,0.0769929790952403,51.0430322634946,0.45033837579617836,dthreeq_ep_nudge0p01_lr3e4,0.03409101591137042,0.0008918442255409475
7.0,dthreeq,-113.5036467533962,3.649150743099782e-05,2025,0.012281888040008059,0.07193290791474283,50.34730267524719,0.396484375,2.967984068627451e-05,0.07507840145355577,50.45433442911525,0.43660429936305734,dthreeq_ep_nudge0p01_lr3e4,0.03479075965999513,0.0008570006652140095
8.0,dthreeq,-109.91433978232608,2.595385287873108e-05,2025,0.01209757832074716,0.07037460105493665,49.76170289516449,0.3857421875,1.5318627450980392e-05,0.07342048202920112,49.82856019135493,0.421875,dthreeq_ep_nudge0p01_lr3e4,0.035472921975206136,0.000808125423500038
9.0,dthreeq,-106.84676443695263,1.6001623579368034e-05,2025,0.011942714192477428,0.06904291058890522,49.130558013916016,0.369140625,8.61672794117647e-06,0.07188297537671533,49.20797304287078,0.40346337579617836,dthreeq_ep_nudge0p01_lr3e4,0.03612454778034311,0.000766633644791928
10.0,dthreeq,-104.13467494697328,1.0342512801298854e-05,2025,0.011788900925297361,0.0677271680906415,48.46836984157562,0.35595703125,4.7870710784313725e-06,0.07037835781741295,48.56026529202796,0.386046974522293,dthreeq_ep_nudge0p01_lr3e4,0.036828307105691,0.0007669913091655943
11.0,dthreeq,-101.5433584808544,4.683402023229674e-06,2025,0.011657812376803226,0.06633424246683717,47.78437542915344,0.337890625,4.7870710784313725e-06,0.06899342984910224,47.84997801568098,0.3690286624203822,dthreeq_ep_nudge0p01_lr3e4,0.0375135744955972,0.0007318282404086115
0.0,dthreeq,0.03114460153611982,0.0018909235668789787,42,0.18672147518836532,0.25160442013293505,85.33277869224548,0.91259765625,0.002042164522058824,0.24937891789302705,84.08013264844372,0.913515127388535,dthreeq_dplus_direct_lr3e4,0.022039920345698395,0.1223039376138638
1.0,dthreeq,0.030800279609526797,0.0018850693143499424,42,0.1855279656214592,0.24883995298296213,85.31801319122314,0.912109375,0.002031632965686275,0.24664712986748688,84.03438189075251,0.913515127388535,dthreeq_dplus_direct_lr3e4,0.022066431699748305,0.002054071871224659
2.0,dthreeq,0.03044987513808308,0.0018809713375796163,42,0.18420010904490852,0.24614188121631742,85.30357074737549,0.9130859375,0.0020239736519607845,0.24385821743375935,83.99149035800035,0.912718949044586,dthreeq_dplus_direct_lr3e4,0.022092688975489168,0.0012363773626236961
3.0,dthreeq,0.03010476883619454,0.0018766782190583217,42,0.18295185540351946,0.24350767955183983,85.28943800926208,0.9130859375,0.0020201439950980394,0.24110054058633792,83.94837096390451,0.913515127388535,dthreeq_dplus_direct_lr3e4,0.02211862585491515,0.0008859494353768851
4.0,dthreeq,0.029816035762619063,0.001868091982015734,42,0.18185572412864537,0.24092744989320636,85.27557945251465,0.9130859375,0.0020163143382352943,0.23881649458484286,83.97981271926005,0.9136146496815286,dthreeq_dplus_direct_lr3e4,0.022144237783816263,0.000692233401494113
5.0,dthreeq,0.02949648332681246,0.0018639940052454082,42,0.18074740523066088,0.23840657761320472,85.26202130317688,0.9140625,0.0020057827818627453,0.23627227041751717,83.98752457928505,0.9131170382165605,dthreeq_dplus_direct_lr3e4,0.02216954204896519,0.0005664647202065237
6.0,dthreeq,0.029194583689236338,0.001857944610965403,42,0.17958799007965642,0.23594937613233924,85.24877738952637,0.91455078125,0.001998123468137255,0.23387609279839097,83.94260989632576,0.9137141719745223,dthreeq_dplus_direct_lr3e4,0.022194617701084576,0.00047865701190031283
7.0,dthreeq,0.028910321248754575,0.001852480641938301,42,0.17857243101539647,0.23354197526350617,85.23578357696533,0.9130859375,0.0019962086397058826,0.23162180432088816,84.00863846699903,0.9126194267515924,dthreeq_dplus_direct_lr3e4,0.022219350963680926,0.00041544955086510914
8.0,dthreeq,0.028633044000454008,0.0018544320594479813,42,0.17745408519455913,0.23119259253144264,85.22310662269592,0.91259765625,0.0019895067401960787,0.2294247298483636,83.8704379622344,0.912718949044586,dthreeq_dplus_direct_lr3e4,0.022243834583959354,0.0003651352028004716
9.0,dthreeq,0.028334700116875826,0.001846431247658297,42,0.17643099549303579,0.22889505419880152,85.21069312095642,0.9130859375,0.001983762254901961,0.22703444283858987,83.96688065255523,0.9126194267515924,dthreeq_dplus_direct_lr3e4,0.022267884612597034,0.00032666063227236884
10.0,dthreeq,0.02805656860256271,0.0018427235543899063,42,0.17536435913810636,0.22665457194671035,85.19857549667358,0.9130859375,0.001976102941176471,0.22483528894223984,83.90575442951956,0.9129179936305732,dthreeq_dplus_direct_lr3e4,0.02229176171694819,0.00029433081073320326
11.0,dthreeq,0.027809625396588045,0.001842333270887971,42,0.1744322394225509,0.2244681529700756,85.18675923347473,0.91259765625,0.001973230698529412,0.22287539501858364,83.86506696567415,0.912718949044586,dthreeq_dplus_direct_lr3e4,0.022315387587086812,0.0002683458070171075
0.0,dthreeq,-17.656493946245522,0.000976684463594353,2025,0.09033692468352213,0.08945645531639457,71.62396216392517,0.52294921875,0.00024605545343137254,0.12704544614075094,79.04373978049892,0.7399482484076433,dthreeq_ep_nudge0p1_lr1e3,0.02520650843588567,120.95074161359244
1.0,dthreeq,-14.50897605555832,0.00019709316847758173,2025,0.07378708610420892,0.07293469086289406,59.35460841655731,0.35791015625,0.00013403799019607844,0.08276366603792093,64.35656884065858,0.4524283439490446,dthreeq_ep_nudge0p1_lr1e3,0.028011663493205004,0.002902051522741158
2.0,dthreeq,-11.128817515768063,0.00015728425128012954,2025,0.06844033735691551,0.06556326930876821,56.509278893470764,0.2958984375,0.0001244638480392157,0.07158407549949208,57.721772698080464,0.3559912420382166,dthreeq_ep_nudge0p1_lr1e3,0.030136572559672604,0.0016044446957457898
3.0,dthreeq,-10.475508331493208,0.000142453478206569,2025,0.06530995918126409,0.06123645382467657,55.670390486717224,0.26123046875,0.00012159160539215686,0.06575141555279683,56.07264408184464,0.3091162420382166,dthreeq_ep_nudge0p1_lr1e3,0.03125264419867082,0.0012585800781231935
4.0,dthreeq,-10.535475858457529,0.000130354689646559,2025,0.06322884274969934,0.05842544150073081,55.221163749694824,0.23828125,0.00011201746323529415,0.06205577787699973,55.47695864537719,0.27876194267515925,dthreeq_ep_nudge0p1_lr1e3,0.032049590038064464,0.0011120149299266872
5.0,dthreeq,-10.661271453663042,0.000124305295366554,2025,0.06161791356918135,0.05628740123938769,54.89975130558014,0.2197265625,0.00011680453431372548,0.059441260281641775,55.084357923762816,0.25537420382165604,dthreeq_ep_nudge0p1_lr1e3,0.032832520430355935,0.0009860333240080189
6.0,dthreeq,-10.812768146490596,0.0001157190583239663,2025,0.06036295667053408,0.05477868253365159,54.616198658943176,0.2060546875,0.00011871936274509802,0.057520276849057264,54.76714878932685,0.24343152866242038,dthreeq_ep_nudge0p1_lr1e3,0.03357641909428676,0.0009375808754513852
7.0,dthreeq,-10.965066654666973,0.00011025508929686505,2025,0.05934324819345478,0.0536280854139477,54.344290018081665,0.2001953125,0.00010818780637254904,0.05592138028353642,54.495009112509955,0.23059315286624205,dthreeq_ep_nudge0p1_lr1e3,0.034277971275595676,0.0008574375985556825
8.0,dthreeq,-11.05822374866267,0.00010635225427750698,2025,0.05851848003051131,0.05275181808974594,54.080846309661865,0.1953125,9.957107843137255e-05,0.054784851374140214,54.202253183741476,0.2217356687898089,dthreeq_ep_nudge0p1_lr1e3,0.03494944669243992,0.0008120079492360459
9.0,dthreeq,-11.098851975362013,0.00010381541151492422,2025,0.05782313811797411,0.051993063651025295,53.83944571018219,0.1884765625,9.478400735294118e-05,0.05392618448870957,53.93564401614438,0.2170581210191083,dthreeq_ep_nudge0p1_lr1e3,0.035585882666425865,0.0007424438362834572
10.0,dthreeq,-11.122851766598453,9.600974147620816e-05,2025,0.05723897302686385,0.05144245200790465,53.60742378234863,0.18994140625,9.095435049019607e-05,0.05313248339162511,53.693650968515186,0.21118630573248406,dthreeq_ep_nudge0p1_lr1e3,0.03621194418964634,0.0007483401560730709
11.0,dthreeq,-11.078969627428966,9.26923317097538e-05,2025,0.05670254853343484,0.050870310165919363,53.42530608177185,0.18212890625,9.286917892156861e-05,0.052466915623777234,53.44373972704456,0.20720541401273884,dthreeq_ep_nudge0p1_lr1e3,0.03682487068407143,0.000707581824251215
0.0,dthreeq_variant_objective,0.030759347946780504,0.0018825324715873585,42,0.18530764783863096,0.24524369928985834,85.2976188659668,0.91259765625,0.002022058823529412,0.24626986739362122,84.06297496625572,0.9131170382165605,dthreeq_dplus_layergain_lr1e3,0.022071024559791364,0.3864828265951441
1.0,dthreeq_variant_objective,0.029678874049976375,0.0018655551392531512,42,0.18141591197968265,0.23673706874251366,85.25078082084656,0.91455078125,0.0019990808823529414,0.23768600821495056,83.98462963711684,0.913515127388535,dthreeq_dplus_layergain_lr1e3,0.022157077247262586,0.002181568503668668
2.0,dthreeq_variant_objective,0.02866842609586989,0.0018517000749344301,42,0.17761957822856939,0.22887060092762113,85.20722198486328,0.9130859375,0.001983762254901961,0.22964600013319852,83.91223868594807,0.912718949044586,dthreeq_dplus_layergain_lr1e3,0.022239959624248243,0.0012681146425417475
3.0,dthreeq_variant_objective,0.02773623828105866,0.0018413575621331305,42,0.1741335455411274,0.22162242652848363,85.16689610481262,0.912109375,0.0019684436274509808,0.22221442800798233,83.84270423840566,0.9128184713375797,dthreeq_dplus_layergain_lr1e3,0.022319497690419365,0.000891047981955142
4.0,dthreeq_variant_objective,0.026919276127295128,0.0018257462220556994,42,0.1709940359322651,0.21494882088154554,85.12964987754822,0.90966796875,0.0019559972426470592,0.21572065201534588,83.85039199537532,0.9116242038216561,dthreeq_dplus_layergain_lr1e3,0.022395677718872724,0.0006863444021817734
5.0,dthreeq_variant_objective,0.026138295389854224,0.0018226239540402125,42,0.168042459806196,0.20882983598858118,85.09545469284058,0.904296875,0.0019512101715686275,0.209491182949133,83.83686954959943,0.9106289808917197,dthreeq_dplus_layergain_lr1e3,0.02246863321889363,0.0005547920927569212
6.0,dthreeq_variant_objective,0.025436669884688536,0.0018161842762582717,42,0.16528377526923183,0.2032321970909834,85.06416893005371,0.90478515625,0.0019454656862745098,0.20390647773150425,83.77393676369053,0.9094347133757962,dthreeq_dplus_layergain_lr1e3,0.022538711246411845,0.0004635512851347057
7.0,dthreeq_variant_objective,0.024793509844761745,0.0018113057324840745,42,0.16281429119333982,0.1981032369658351,85.03555130958557,0.90234375,0.0019435508578431373,0.19877619253601997,83.82356626668553,0.9078423566878981,dthreeq_dplus_layergain_lr1e3,0.022605587094674567,0.00039820782406592984
8.0,dthreeq_variant_objective,0.024220341567400914,0.0018124765829898816,42,0.16047193605384558,0.19341696798801422,85.0095784664154,0.90234375,0.001938763786764706,0.1942144553562638,83.67217726008907,0.90734474522293,dthreeq_dplus_layergain_lr1e3,0.02266964776517751,0.0003466348514980206
9.0,dthreeq_variant_objective,0.023658821584692426,0.001807793180966652,42,0.15834774092510107,0.18912968412041664,84.98593187332153,0.9013671875,0.0019339767156862746,0.18970896854142474,83.75644129856377,0.9059514331210191,dthreeq_dplus_layergain_lr1e3,0.022730417956582226,0.0003070941611097553
10.0,dthreeq_variant_objective,0.02316678854025853,0.001805451479955037,42,0.15637227381019006,0.18521401146426797,84.96449136734009,0.89697265625,0.0019301470588235295,0.18579064148246863,83.68582260229026,0.9056528662420382,dthreeq_dplus_layergain_lr1e3,0.022788744245372108,0.0002740727274192217
11.0,dthreeq_variant_objective,0.022736301040573486,0.0018068174722118127,42,0.15466817145852763,0.18163403635844588,84.94514346122742,0.89892578125,0.0019301470588235295,0.1823491380093204,83.63756891724411,0.9046576433121019,dthreeq_dplus_layergain_lr1e3,0.022844528605028794,0.00024783687212574416
0.0,bp_mlp,,,2025,,0.32501341006718576,,0.09375,,0.549468724923149,,0.1520700636942675,bp_mlp_500_adam,,
1.0,bp_mlp,,,2025,,0.3179862340912223,,0.09521484375,,0.2893949255916723,,0.08210589171974522,bp_mlp_500_adam,,
2.0,bp_mlp,,,2025,,0.28017524373717606,,0.07373046875,,0.242788046242515,,0.06926751592356688,bp_mlp_500_adam,,
3.0,bp_mlp,,,2025,,0.2787371417507529,,0.08349609375,,0.20452032117232397,,0.05921576433121019,bp_mlp_500_adam,,
4.0,bp_mlp,,,2025,,0.28946799831464887,,0.080078125,,0.17089623530769044,,0.05085589171974522,bp_mlp_500_adam,,
5.0,bp_mlp,,,2025,,0.2358901770785451,,0.06298828125,,0.14334416864024604,,0.041401273885350316,bp_mlp_500_adam,,
6.0,bp_mlp,,,2025,,0.21891881607007235,,0.05615234375,,0.11563698910651313,,0.03463375796178344,bp_mlp_500_adam,,
7.0,bp_mlp,,,2025,,0.2176125356927514,,0.05859375,,0.09522532047644543,,0.02955812101910828,bp_mlp_500_adam,,
8.0,bp_mlp,,,2025,,0.2074693435570225,,0.05859375,,0.07644026730636692,,0.02298964968152866,bp_mlp_500_adam,,
9.0,bp_mlp,,,2025,,0.19744889123830944,,0.05224609375,,0.06419539828280545,,0.018113057324840764,bp_mlp_500_adam,,
10.0,bp_mlp,,,2025,,0.21258592244703323,,0.0517578125,,0.04907505446748369,,0.012738853503184714,bp_mlp_500_adam,,
11.0,bp_mlp,,,2025,,0.20429057895671576,,0.05078125,,0.037490962939277575,,0.008459394904458599,bp_mlp_500_adam,,
0.0,dthreeq,-160.67926443306504,0.0003980891719745216,42,0.017230177401998052,0.11479140375740826,58.46253049373627,0.72705078125,0.00017520680147058826,0.1426232924127275,68.6372255215979,0.8244426751592356,dthreeq_ep_nudge0p01_lr3e4,0.026032955800508913,66.18832546899806
1.0,dthreeq,-129.42428579148213,0.00016704133882852474,42,0.014728962821191901,0.09462822787463665,56.24049174785614,0.57861328125,0.0001503140318627451,0.10386665231862645,56.80706655903227,0.6604299363057324,dthreeq_ep_nudge0p01_lr3e4,0.029368528136004737,0.001683955500161888
2.0,dthreeq,-131.96727232720443,0.00012820813038591204,42,0.013728772442058251,0.08604515413753688,54.79963445663452,0.51416015625,0.00010627297794117646,0.09032887880020081,55.10454102534398,0.5601114649681529,dthreeq_ep_nudge0p01_lr3e4,0.03088458088615162,0.0012084374636401928
3.0,dthreeq,-129.36463325646272,9.054577244910688e-05,42,0.01317807365280048,0.0817599690053612,53.62618911266327,0.4814453125,7.372089460784313e-05,0.08400386657304824,53.732081249261356,0.5126393312101911,dthreeq_ep_nudge0p01_lr3e4,0.03195504565904166,0.0010706596876807
4.0,dthreeq,-124.02782561672721,6.205507680779308e-05,42,0.0128176802328853,0.07902957987971604,52.8057736158371,0.4697265625,5.26577818627451e-05,0.08048000219900897,52.71976011725748,0.4872611464968153,dthreeq_ep_nudge0p01_lr3e4,0.03280153431763552,0.0009961068568685668
5.0,dthreeq,-119.08681842779657,4.039434245035586e-05,42,0.012531926733839094,0.07664136681705713,52.19379997253418,0.45068359375,3.733915441176471e-05,0.07782695618025057,52.000269142685426,0.4653662420382166,dthreeq_ep_nudge0p01_lr3e4,0.03362091181423088,0.0009325636444980919
6.0,dthreeq,-114.86359857449865,2.5368427625827372e-05,42,0.012267934133974942,0.07457698625512421,51.63226246833801,0.4228515625,2.0105698529411764e-05,0.07537401892292271,51.35815264464943,0.4411823248407643,dthreeq_ep_nudge0p01_lr3e4,0.034335609300026465,0.0008779565073755082
7.0,dthreeq,-111.6639617142404,1.7562757587111258e-05,42,0.012024536705872483,0.07248986116610467,51.06084132194519,0.40478515625,1.053155637254902e-05,0.07312777638435364,50.8255970462872,0.4166003184713376,dthreeq_ep_nudge0p01_lr3e4,0.034977796050767375,0.0008427803086863153
8.0,dthreeq,-108.79064193045258,9.561945797427248e-06,42,0.011821546340450217,0.07058896613307297,50.463286995887756,0.38916015625,4.7870710784313725e-06,0.07119412528006894,50.16808824478441,0.39410828025477707,dthreeq_ep_nudge0p01_lr3e4,0.03554307105342982,0.0007951468558641704
9.0,dthreeq,-106.42742472849075,6.8299612838766055e-06,42,0.011633127114355896,0.0691783872898668,49.81272208690643,0.3701171875,3.829656862745098e-06,0.06926078574767539,49.58560455225076,0.3718152866242038,dthreeq_ep_nudge0p01_lr3e4,0.036036919623726064,0.0007740643742500362
10.0,dthreeq,-104.42053679448024,5.268827276133383e-06,42,0.011463269856046577,0.06769988033920527,49.11456060409546,0.353515625,4.7870710784313725e-06,0.06779198922738908,48.89372243698995,0.35370222929936307,dthreeq_ep_nudge0p01_lr3e4,0.036482950143818596,0.0007475185151435676
11.0,dthreeq,-102.67689708539635,4.878543774197577e-06,42,0.011341261180639741,0.06647072173655033,48.39321708679199,0.33984375,4.7870710784313725e-06,0.06645129080031328,48.18205064421247,0.3365843949044586,dthreeq_ep_nudge0p01_lr3e4,0.0368654114427045,0.0007251853219790097
0.0,dthreeq_variant_objective,0.034591705212072964,0.002533135069314349,2025,0.19614316206603388,0.27324213553220034,84.14261102676392,0.91064453125,0.0024366191789215695,0.27632122899696326,83.6628270726295,0.9273487261146497,dthreeq_dplus_layergain_lr1e3,0.02215287850285464,0.36271679968990495
1.0,dthreeq_variant_objective,0.03362219365444153,0.0024839593480704384,2025,0.1929610084651845,0.2652962449938059,84.11180901527405,0.91064453125,0.0023925781250000006,0.2686438698108029,83.65229345430994,0.9249601910828026,dthreeq_dplus_layergain_lr1e3,0.022232714464234915,0.0021935881077111336
2.0,dthreeq_variant_objective,0.03264842801697695,0.002432246784063943,2025,0.18983776204044794,0.2577001671306789,84.08220195770264,0.90869140625,0.0023351332720588243,0.26088158368684683,83.72299592813869,0.9212778662420382,dthreeq_dplus_layergain_lr1e3,0.022309101268153702,0.001282046036588753
3.0,dthreeq_variant_objective,0.03174639442211883,0.0023943892843761704,2025,0.1868263621151649,0.25046213157474995,84.05371713638306,0.90771484375,0.0022834329044117653,0.25373831951314474,83.59824157520464,0.9195859872611465,dthreeq_dplus_layergain_lr1e3,0.02238365405581872,0.0009032448981616303
4.0,dthreeq_variant_objective,0.030860499259392927,0.0023580929186961413,2025,0.18387547119040112,0.24359190557152033,84.02658033370972,0.904296875,0.0022518382352941183,0.24668448603456947,83.57241976792645,0.9167993630573248,dthreeq_dplus_layergain_lr1e3,0.022455032391229344,0.0006957283345915269
5.0,dthreeq_variant_objective,0.03004800988610383,0.0023243333957786933,2025,0.18118166026828372,0.23707624059170485,84.00067520141602,0.90283203125,0.0022164139093137263,0.2402307045687536,83.55002812671054,0.9141122611464968,dthreeq_dplus_layergain_lr1e3,0.022524350722990714,0.0005644424200803209
6.0,dthreeq_variant_objective,0.02928624495531723,0.002294866991382539,2025,0.178595941359545,0.23092032270506024,83.975998878479,0.9013671875,0.002183861825980392,0.23419317223463848,83.51300209191194,0.9124203821656051,dthreeq_dplus_layergain_lr1e3,0.02259082463989241,0.0004728190757935721
7.0,dthreeq_variant_objective,0.028551625277680955,0.0022669617209941286,2025,0.1761297293053347,0.22509232629090548,83.95254397392273,0.90087890625,0.0021522671568627453,0.2283334770020406,83.53530111130635,0.9104299363057324,dthreeq_dplus_layergain_lr1e3,0.022655345093549883,0.0004064235559427557
8.0,dthreeq_variant_objective,0.027888182942180116,0.002247057262395403,2025,0.17382308513898947,0.219631917309016,83.93037271499634,0.90087890625,0.0021359911151960786,0.22307299343264028,83.48000136454394,0.9101313694267515,dthreeq_dplus_layergain_lr1e3,0.022717305032691766,0.0003550732187839115
9.0,dthreeq_variant_objective,0.02722951546785938,0.002227347945547645,2025,0.17155063664540648,0.21450803615152836,83.90948557853699,0.8994140625,0.0021178002450980395,0.21782074479540442,83.48197489938919,0.9076433121019108,dthreeq_dplus_layergain_lr1e3,0.02277661773481276,0.000314301179807047
10.0,dthreeq_variant_objective,0.026627724491961442,0.0022119317472211793,2025,0.16944217434075845,0.20971228647977114,83.88991570472717,0.89794921875,0.002102481617647059,0.21303102582882924,83.47127960593838,0.9059514331210191,dthreeq_dplus_layergain_lr1e3,0.022833837360722527,0.0002822156996490269
11.0,dthreeq_variant_objective,0.026076262460867312,0.002200028100412137,2025,0.1674642569287591,0.20521639892831445,83.8715124130249,0.89501953125,0.0020890778186274514,0.2086391150002267,83.41832888657879,0.9042595541401274,dthreeq_dplus_layergain_lr1e3,0.022889265832171355,0.0002554765676707127
0.0,dthreeq,0.030753691140918214,0.0018825324715873585,42,0.18530870554078915,0.24524866975843906,85.29855561256409,0.91259765625,0.002022058823529412,0.2462722927711572,84.06341878320002,0.9131170382165605,dthreeq_dplus_direct_lr1e3,0.022071008357509064,0.3853552088262536
1.0,dthreeq,0.029673789894789648,0.001866140564506055,42,0.18141888657282254,0.23674590606242418,85.25264477729797,0.91455078125,0.0019990808823529414,0.23769276413568266,83.98598013713861,0.913515127388535,dthreeq_dplus_direct_lr1e3,0.022157029287754725,0.00215203691785927
2.0,dthreeq,0.028663788429775815,0.001852285500187334,42,0.17762406320818314,0.22888242220506072,85.2100076675415,0.9130859375,0.001983762254901961,0.22965608489741185,83.91449091237062,0.912718949044586,dthreeq_dplus_direct_lr1e3,0.02223988130434323,0.0012578919680785938
3.0,dthreeq,0.02773191166484052,0.0018421381291370022,42,0.17413916913451402,0.22163632744923234,85.17059564590454,0.912109375,0.0019684436274509808,0.22222694014288058,83.84584458466549,0.9129179936305732,dthreeq_dplus_direct_lr1e3,0.02231939059307693,0.0008858778042641088
4.0,dthreeq,0.02691514564642481,0.0018271122143124748,42,0.17100046111780937,0.2149640996940434,85.13425874710083,0.90966796875,0.0019569546568627455,0.21573488499708238,83.85442347435435,0.9116242038216561,dthreeq_dplus_direct_lr1e3,0.022395542843229546,0.0006832189244839189
5.0,dthreeq,0.02613429430943386,0.001823989946296988,42,0.16804939396471782,0.20884596230462193,85.10096979141235,0.904296875,0.0019521675857843137,0.20950646214424426,83.84178287967755,0.9106289808917197,dthreeq_dplus_direct_lr1e3,0.022468471762326483,0.0005527060387812341
6.0,dthreeq,0.02543275207755672,0.001817159985013111,42,0.16529093714131363,0.20324863772839308,85.07058310508728,0.90478515625,0.001946423100490196,0.20392233104842483,83.77972854322688,0.9094347133757962,dthreeq_dplus_direct_lr1e3,0.022538523963936106,0.00046206286459814705
7.0,dthreeq,0.02478956396744889,0.001812476582989882,42,0.16282152046025344,0.1981196654960513,85.04286789894104,0.90234375,0.0019454656862745098,0.19879225342516688,83.83024125797733,0.9078423566878981,dthreeq_dplus_direct_lr1e3,0.022605374315989264,0.0003970922165176262
8.0,dthreeq,0.024216467455314222,0.0018140377169976252,42,0.1604790393052516,0.19343307800590992,85.01778769493103,0.90234375,0.0019416360294117647,0.19423034673283815,83.67971320668603,0.90734474522293,dthreeq_dplus_direct_lr1e3,0.02266941030815557,0.0003457728656840834
9.0,dthreeq,0.023654828144676367,0.0018089640314724593,42,0.15835454650475364,0.1891452562995255,84.9950361251831,0.9013671875,0.0019368489583333334,0.18972446888115754,83.7648650734288,0.9059514331210191,dthreeq_dplus_direct_lr1e3,0.022730156382273492,0.0003064036044100347
10.0,dthreeq,0.023162760860790874,0.0018072077557137484,42,0.15637871728109634,0.18522884650155902,84.97448754310608,0.89697265625,0.0019330193014705883,0.1858055499518753,83.69510937344496,0.9056528662420382,dthreeq_dplus_direct_lr1e3,0.022788458605992646,0.0002735112607660416
11.0,dthreeq,0.022732197538397874,0.001808573747970524,42,0.1546741511819552,0.18164803879335523,84.9560284614563,0.8984375,0.001932061887254902,0.18236328784827213,83.64771552602197,0.9046576433121019,dthreeq_dplus_direct_lr1e3,0.022844218716858548,0.00024737122201035175
0.0,dthreeq,0.034941877873175466,0.002553234669664043,2025,0.19729890197939626,0.2790173594839871,84.16523480415344,0.912109375,0.002476830575980393,0.2791477679067357,83.67361960441444,0.9279458598726115,dthreeq_dplus_direct_lr3e4,0.022124400029759274,0.11523446943043775
1.0,dthreeq,0.03466406181027555,0.0025364524790808043,2025,0.1963743105327568,0.27651983173564076,84.15596675872803,0.91162109375,0.002466299019607844,0.27696073586773723,83.68424861446307,0.9272492038216561,dthreeq_dplus_direct_lr3e4,0.022148891002793252,0.002066400780866705
2.0,dthreeq,0.03433723050128123,0.0025142063194704624,2025,0.19538373965102657,0.27405505208298564,84.14680552482605,0.91064453125,0.0024461933210784322,0.274337759727885,83.77504049896434,0.9258558917197452,dthreeq_dplus_direct_lr3e4,0.022172884128247593,0.001246723513216223
3.0,dthreeq,0.03404203058475522,0.002502692956163356,2025,0.19437952126987326,0.27162891579791903,84.13775587081909,0.9111328125,0.0024299172794117656,0.27201221465684805,83.66924188698933,0.9261544585987261,dthreeq_dplus_direct_lr3e4,0.022196861798221924,0.0008936392291978173
4.0,dthreeq,0.03371904400076456,0.0024880573248407638,2025,0.1933134663850069,0.26923281280323863,84.12884211540222,0.912109375,0.00241842830882353,0.2694336989313174,83.66128452568297,0.9254578025477707,dthreeq_dplus_direct_lr3e4,0.02222042771338737,0.0006969448789323527
5.0,dthreeq,0.03343008756400294,0.0024742022605220427,2025,0.19240469741486724,0.26687047677114606,84.12004351615906,0.91162109375,0.0024021522671568633,0.2671435705036115,83.6557666754267,0.9244625796178344,dthreeq_dplus_direct_lr3e4,0.022243906571920966,0.000571296916068719
6.0,dthreeq,0.03314976385871696,0.002462298613713,2025,0.1914661598939057,0.26453652372583747,84.11132764816284,0.91064453125,0.002383003982843138,0.2649306759333155,83.63424162652082,0.9240644904458599,dthreeq_dplus_direct_lr3e4,0.022267053203251123,0.0004828794759584307
7.0,dthreeq,0.03286084147158322,0.0024472726988884713,2025,0.19054470541308616,0.2622329671867192,84.10272860527039,0.91015625,0.0023648131127450987,0.2626215883880664,83.67119476901497,0.9228702229299363,dthreeq_dplus_direct_lr3e4,0.022290061330159636,0.0004187830377742526
8.0,dthreeq,0.03259865727251882,0.002436930186087174,2025,0.18964519779491507,0.2599634360522032,84.09422492980957,0.90869140625,0.0023523667279411772,0.2605513990115208,83.62890649297435,0.9220740445859873,dthreeq_dplus_direct_lr3e4,0.022312867329512553,0.00036883368336078717
9.0,dthreeq,0.032309161760150244,0.00242424597227426,2025,0.18869497512087557,0.2577262921258807,84.08583092689514,0.90869140625,0.0023351332720588243,0.2582430506397964,83.64345827527866,0.9219745222929936,dthreeq_dplus_direct_lr3e4,0.022335335927788736,0.0003294431887205695
10.0,dthreeq,0.03203039613973563,0.0024096103409516657,2025,0.18777073999039331,0.25552112283185124,84.07755136489868,0.9072265625,0.0023255591299019616,0.256027089372562,83.64360872499502,0.9210788216560509,dthreeq_dplus_direct_lr3e4,0.022357603429174137,0.00029784355788889985
11.0,dthreeq,0.03177860060077944,0.0023986824028974637,2025,0.18687824738378025,0.2533414028584957,84.06933903694153,0.90673828125,0.002307368259803922,0.25402275809816494,83.60064007218476,0.9196855095541401,dthreeq_dplus_direct_lr3e4,0.02237977057079863,0.00027163284393228257
